Temperature [_ C],Humidity [%],Soil moisture,Nitrogen [mg/kg],Phosphorus [mg/kg],Potassium,pH,Health_Label
31.2,93.6,567.0,107,38,53,3.32,Non-Healthy
31.2,93.6,567.0,107,38,53,3.77,Non-Healthy
30.5,74.6,307.0,107,38,53,2.9,Healthy
30.4,76.6,308.0,107,38,53,7.71,Healthy
30.4,76.6,308.0,107,38,53,5.11,Healthy
30.3,77.1,307.0,107,38,53,4.48,Healthy
30.3,76.5,307.0,107,38,53,4.32,Healthy
30.3,78.1,307.0,107,38,53,3.77,Healthy
30.3,78.8,307.0,107,38,53,3.68,Healthy
30.3,78.8,307.0,107,38,53,3.67,Healthy
30.2,77.5,308.0,107,38,53,3.95,Healthy
30.2,77.6,307.0,107,38,53,2.17,Healthy
30.2,77.6,307.0,107,38,53,3.28,Healthy
30.2,78.7,307.0,107,38,53,3.24,Non-Healthy
30.2,78.5,307.0,107,38,53,2.51,Non-Healthy
30.1,78.5,307.0,107,38,53,3.89,Healthy
30.1,78.9,307.0,107,38,53,3.15,Healthy
30.1,80.4,307.0,107,38,53,3.02,Healthy
30.1,78.9,307.0,107,38,53,3.22,Healthy
30.0,77.6,307.0,107,38,53,3.2,Healthy
30.0,79.7,307.0,107,38,53,3.18,Healthy
30.0,78.9,307.0,107,38,53,3.31,Healthy
29.9,77.3,307.0,118,42,57,3.4,Healthy
29.8,77.0,307.0,118,42,57,3.54,Healthy
29.7,77.9,307.0,118,42,57,3.33,Healthy
29.6,77.8,307.0,118,42,57,2.87,Healthy
29.6,79.1,306.0,118,42,57,3.6,Healthy
29.6,80.6,306.0,118,42,57,3.75,Healthy
29.5,78.7,306.0,118,42,57,1.75,Healthy
29.5,80.6,306.0,105,37,53,3.53,Healthy
29.5,79.7,307.0,105,37,53,3.66,Healthy
29.4,81.3,307.0,105,37,53,3.59,Healthy
29.4,79.2,306.0,105,37,53,3.61,Healthy
29.4,79.8,306.0,105,37,53,3.58,Healthy
29.4,80.7,306.0,105,37,53,3.53,Healthy
29.4,80.7,306.0,105,37,53,3.53,Healthy
29.5,79.2,306.0,105,37,53,3.55,Healthy
29.5,79.1,307.0,105,37,53,3.51,Non-Healthy
29.6,79.9,307.0,105,37,53,3.5,Healthy
29.6,81.9,306.0,105,37,53,3.51,Healthy
29.7,79.1,306.0,105,37,53,3.56,Healthy
30.3,75.6,306.0,105,37,53,3.53,Healthy
30.2,76.7,306.0,117,42,58,3.55,Healthy
30.2,76.2,306.0,117,42,58,3.53,Healthy
30.2,74.7,306.0,117,42,58,3.53,Healthy
30.2,75.8,306.0,117,42,58,3.49,Healthy
30.2,75.7,306.0,117,42,58,3.52,Healthy
31.2,95.0,587.0,117,42,58,3.49,Non-Healthy
31.2,95.0,587.0,117,42,58,3.49,Non-Healthy
25.9,94.4,309.0,106,38,53,3.47,Non-Healthy
26.0,92.6,284.0,106,38,53,3.52,Healthy
26.0,95.0,310.0,106,38,53,3.47,Healthy
25.9,95.0,297.0,106,38,53,3.44,Healthy
25.9,98.2,281.0,106,38,53,4.81,Healthy
25.9,92.7,265.0,106,38,54,3.63,Healthy
28.9,80.4,228.0,107,37,50,3.59,Healthy
28.8,80.9,225.0,107,37,50,3.6,Healthy
28.8,79.9,314.0,107,37,50,3.57,Healthy
30.2,96.3,532.0,107,37,50,3.62,Non-Healthy
25.8,95.7,209.0,44,15,22,3.59,Non-Healthy
25.7,95.0,212.0,44,15,22,3.59,Non-Healthy
25.8,93.7,214.0,44,15,22,3.58,Non-Healthy
25.8,95.0,204.0,44,15,22,3.66,Non-Healthy
25.8,93.7,204.0,44,15,22,3.6,Non-Healthy
25.8,97.7,204.0,44,15,22,3.6,Non-Healthy
25.9,97.7,587.0,44,15,22,3.67,Non-Healthy
27.4,88.5,587.0,107,37,50,3.6,Healthy
27.5,88.4,215.0,107,37,50,3.57,Non-Healthy
27.5,87.5,215.0,107,37,50,3.57,Non-Healthy
27.5,84.6,214.0,107,37,50,3.58,Healthy
27.5,86.8,215.0,107,37,50,3.61,Non-Healthy
27.4,83.9,213.0,107,37,50,3.56,Healthy
27.4,80.8,215.0,107,37,50,3.57,Healthy
27.5,83.6,214.0,107,37,50,3.56,Healthy
27.5,81.5,213.0,107,37,50,3.54,Non-Healthy
27.5,86.3,213.0,107,37,50,3.57,Non-Healthy
27.4,82.3,215.0,107,37,50,3.55,Healthy
27.5,86.3,213.0,107,37,50,3.55,Non-Healthy
28.8,78.3,268.0,107,37,50,3.53,Healthy
28.8,78.2,265.0,107,37,50,3.56,Healthy
28.8,78.9,265.0,107,37,50,3.54,Healthy
28.8,77.9,267.0,107,37,50,3.53,Healthy
28.8,78.1,268.0,107,37,50,3.58,Healthy
28.8,79.0,265.0,107,37,50,3.53,Healthy
28.8,78.9,265.0,107,37,50,3.57,Healthy
28.8,77.0,266.0,107,37,50,3.54,Healthy
28.7,78.5,268.0,117,42,58,3.51,Healthy
28.7,77.6,265.0,117,42,58,3.57,Healthy
28.7,78.5,265.0,117,42,58,3.54,Healthy
28.7,78.5,265.0,117,42,58,3.54,Healthy
28.8,81.2,268.0,117,42,58,3.59,Healthy
28.7,80.5,265.0,117,42,58,3.55,Healthy
28.7,80.0,265.0,117,42,58,3.6,Healthy
28.7,78.6,266.0,117,42,58,3.55,Healthy
28.7,78.3,265.0,117,42,58,3.53,Healthy
28.7,79.8,265.0,117,42,58,3.61,Healthy
28.7,78.3,265.0,117,42,58,3.59,Healthy
28.7,79.0,268.0,117,42,58,3.59,Healthy
28.6,78.3,266.0,117,42,58,3.58,Healthy
28.7,78.5,265.0,117,42,58,3.63,Healthy
28.7,78.0,265.0,117,42,58,3.61,Healthy
28.7,77.1,268.0,117,42,58,3.59,Healthy
28.7,79.6,265.0,117,42,58,3.59,Healthy
28.7,79.0,264.0,117,42,58,3.61,Healthy
28.6,79.5,265.0,117,42,58,3.59,Healthy
28.6,79.0,268.0,117,42,58,3.61,Healthy
28.6,79.3,266.0,117,42,58,3.63,Healthy
28.6,79.0,264.0,117,42,58,3.61,Healthy
28.6,78.5,265.0,117,42,58,3.66,Healthy
28.6,79.0,268.0,117,42,58,3.64,Healthy
28.6,78.3,265.0,117,42,58,3.63,Healthy
28.5,76.8,589.0,117,42,58,3.63,Healthy
28.5,77.6,589.0,117,42,58,3.68,Healthy
28.5,78.5,264.0,117,42,58,3.65,Healthy
28.5,77.6,265.0,117,42,58,3.62,Healthy
28.5,78.1,268.0,117,42,58,3.69,Healthy
28.5,77.0,264.0,117,42,58,3.67,Healthy
28.5,78.0,264.0,117,42,58,3.64,Healthy
28.5,77.8,265.0,117,42,58,3.66,Healthy
28.5,78.5,268.0,117,42,58,3.67,Healthy
28.5,77.3,266.0,117,42,58,3.65,Healthy
28.5,79.5,264.0,117,42,58,3.65,Healthy
28.4,78.6,264.0,117,42,58,3.65,Healthy
28.4,78.0,268.0,117,42,58,3.65,Healthy
28.4,77.9,266.0,117,42,58,3.68,Healthy
28.4,78.3,264.0,117,42,58,3.63,Healthy
29.7,95.0,587.0,117,42,58,3.65,Non-Healthy
29.7,95.0,587.0,117,42,58,3.65,Non-Healthy
25.2,95.0,268.0,117,42,58,3.67,Healthy
27.4,89.1,268.0,117,42,58,3.67,Healthy
27.4,90.1,268.0,117,42,58,3.65,Healthy
25.2,95.0,228.0,44,15,22,3.71,Non-Healthy
25.2,95.0,228.0,44,15,22,3.66,Non-Healthy
25.3,95.0,230.0,44,15,22,3.67,Non-Healthy
25.3,95.0,228.0,44,15,22,3.67,Non-Healthy
25.3,95.0,230.0,44,15,22,3.65,Non-Healthy
25.3,95.0,227.0,44,15,22,3.68,Non-Healthy
25.2,95.0,227.0,44,15,22,3.65,Non-Healthy
25.2,95.0,229.0,44,15,22,3.66,Non-Healthy
25.2,95.0,229.0,44,15,22,3.67,Non-Healthy
25.2,95.0,227.0,44,15,22,3.67,Non-Healthy
28.6,83.8,232.0,117,42,58,3.65,Healthy
28.6,82.6,230.0,117,42,58,3.67,Healthy
28.7,82.3,230.0,117,42,58,3.68,Healthy
28.7,82.8,233.0,117,42,58,3.67,Healthy
28.7,81.6,230.0,117,42,58,3.68,Healthy
28.8,82.0,231.0,117,42,58,3.65,Healthy
28.7,82.8,235.0,117,42,58,3.61,Healthy
28.6,83.2,229.0,117,42,58,3.68,Healthy
28.5,82.6,237.0,117,42,58,3.63,Healthy
28.6,80.5,233.0,117,42,58,3.67,Healthy
28.7,79.1,230.0,117,42,58,3.65,Healthy
28.8,77.4,238.0,117,42,58,3.65,Healthy
28.8,79.5,231.0,117,42,58,3.65,Healthy
30.0,62.7,231.0,117,42,58,3.64,Non-Healthy
30.0,62.5,231.0,117,42,58,3.7,Non-Healthy
30.0,63.2,237.0,117,42,58,3.68,Healthy
30.0,62.2,231.0,117,42,58,3.69,Non-Healthy
30.0,61.7,231.0,117,42,58,3.69,Non-Healthy
30.0,62.0,237.0,117,42,58,3.66,Non-Healthy
30.0,62.2,232.0,117,42,58,3.71,Non-Healthy
29.9,63.5,232.0,117,42,58,3.65,Non-Healthy
29.9,64.0,235.0,117,42,58,3.66,Non-Healthy
29.9,65.7,234.0,117,42,58,3.67,Non-Healthy
29.9,65.5,232.0,117,42,58,3.69,Non-Healthy
29.9,65.2,229.0,117,42,58,3.66,Non-Healthy
29.9,66.3,232.0,117,42,58,3.65,Non-Healthy
28.9,83.7,213.0,117,42,58,3.68,Healthy
28.9,84.8,502.0,117,42,58,3.65,Healthy
27.6,89.0,502.0,117,42,58,3.67,Healthy
27.6,96.0,215.0,117,42,58,3.66,Non-Healthy
27.6,87.8,212.0,117,42,58,3.65,Non-Healthy
27.6,96.5,214.0,117,42,58,3.71,Non-Healthy
27.5,93.0,213.0,117,42,58,3.67,Non-Healthy
29.0,86.9,203.0,117,42,58,3.7,Non-Healthy
29.0,86.9,213.0,117,42,58,3.69,Non-Healthy
29.0,86.7,195.0,117,42,58,3.7,Non-Healthy
28.9,86.0,196.0,117,42,58,3.69,Non-Healthy
28.9,86.3,196.0,117,42,58,3.69,Non-Healthy
28.9,85.8,196.0,117,42,58,3.71,Healthy
28.9,86.0,196.0,117,42,58,3.69,Non-Healthy
28.9,85.8,196.0,117,42,58,3.7,Non-Healthy
28.9,85.8,196.0,117,42,58,3.68,Non-Healthy
28.9,85.8,196.0,106,39,55,3.67,Non-Healthy
28.9,85.8,196.0,106,39,55,3.72,Non-Healthy
28.9,85.8,196.0,106,39,55,3.74,Non-Healthy
28.9,85.8,196.0,106,39,55,3.71,Non-Healthy
28.9,85.8,196.0,106,39,55,3.71,Non-Healthy
28.9,85.8,196.0,106,39,55,3.76,Non-Healthy
28.9,85.8,196.0,106,39,55,3.7,Non-Healthy
28.9,85.8,196.0,106,39,55,3.73,Non-Healthy
28.9,85.8,196.0,106,39,55,3.73,Non-Healthy
28.9,85.8,196.0,106,39,55,3.74,Non-Healthy
28.9,85.8,196.0,106,39,55,3.71,Non-Healthy
28.9,85.8,196.0,106,39,55,3.72,Non-Healthy
28.9,85.8,196.0,106,39,55,3.65,Non-Healthy
28.9,85.8,196.0,106,39,55,3.71,Non-Healthy
28.9,85.8,196.0,106,39,55,3.68,Non-Healthy
28.9,85.8,196.0,106,39,55,3.73,Non-Healthy
28.9,85.8,196.0,106,39,55,3.73,Non-Healthy
28.9,85.8,196.0,106,39,55,3.74,Non-Healthy
28.9,85.8,196.0,106,39,55,3.7,Non-Healthy
28.9,85.8,196.0,106,39,55,3.76,Non-Healthy
28.9,85.8,196.0,106,39,55,3.73,Non-Healthy
28.9,85.8,196.0,106,39,55,3.75,Non-Healthy
28.9,85.8,196.0,106,39,55,3.71,Non-Healthy
28.9,85.8,196.0,106,39,55,3.72,Non-Healthy
28.9,85.8,196.0,106,39,55,3.72,Non-Healthy
28.9,85.8,196.0,106,39,55,3.73,Non-Healthy
28.9,85.8,196.0,106,39,55,3.73,Healthy
28.9,85.8,196.0,106,39,55,3.7,Non-Healthy
28.9,85.8,196.0,106,39,55,3.71,Non-Healthy
28.9,85.8,196.0,106,39,55,3.7,Non-Healthy
28.9,85.8,196.0,106,39,55,3.77,Non-Healthy
28.9,85.8,196.0,106,39,55,3.77,Non-Healthy
28.9,85.8,196.0,106,39,55,3.73,Non-Healthy
28.9,85.8,196.0,106,39,55,3.72,Non-Healthy
28.9,85.8,196.0,106,39,55,3.7,Non-Healthy
28.9,85.8,196.0,106,39,55,3.75,Non-Healthy
28.9,85.8,196.0,106,39,55,3.75,Non-Healthy
28.9,85.8,196.0,106,39,55,6.55,Healthy
28.9,85.8,196.0,106,39,55,5.04,Non-Healthy
28.9,85.8,196.0,106,39,55,1.44,Non-Healthy
28.9,85.8,196.0,106,39,55,4.89,Non-Healthy
28.9,85.8,196.0,106,39,55,0.91,Non-Healthy
28.9,85.8,196.0,106,39,55,6.57,Healthy
28.9,85.8,196.0,106,39,55,12.26,Non-Healthy
28.9,85.8,196.0,106,39,55,7.46,Healthy
28.9,85.8,196.0,106,39,55,4.42,Non-Healthy
28.9,85.8,196.0,106,39,55,3.96,Non-Healthy
28.9,85.8,196.0,106,39,55,3.83,Non-Healthy
28.9,85.8,196.0,106,39,55,3.76,Non-Healthy
28.9,85.8,196.0,106,39,55,3.74,Non-Healthy
28.9,85.8,196.0,118,39,55,3.72,Non-Healthy
28.3,88.7,234.0,118,39,55,3.69,Healthy
28.3,87.2,235.0,118,39,55,3.72,Non-Healthy
28.3,88.4,232.0,118,39,55,3.71,Non-Healthy
28.3,88.4,232.0,118,39,55,3.73,Non-Healthy
28.3,88.4,232.0,118,39,55,3.72,Non-Healthy
28.3,88.4,232.0,118,39,55,3.72,Non-Healthy
28.3,88.4,232.0,118,39,55,3.69,Non-Healthy
28.3,88.4,232.0,118,39,55,3.72,Non-Healthy
28.9,83.7,503.0,118,39,55,3.7,Healthy
28.9,84.8,503.0,118,39,55,3.69,Healthy
27.6,89.0,214.0,118,39,55,3.68,Non-Healthy
27.6,96.0,558.0,118,39,55,3.66,Healthy
27.6,87.8,558.0,118,39,55,3.67,Healthy
27.6,96.5,214.0,118,39,55,3.7,Non-Healthy
27.5,93.0,213.0,118,39,55,3.67,Healthy
29.0,86.9,203.0,118,39,55,3.65,Non-Healthy
29.0,86.9,213.0,118,39,55,3.64,Non-Healthy
29.0,86.7,195.0,118,39,55,3.66,Non-Healthy
28.9,86.0,196.0,118,39,55,3.67,Healthy
28.9,86.3,196.0,118,39,55,3.68,Non-Healthy
28.9,85.8,196.0,118,39,55,3.66,Non-Healthy
28.9,86.0,196.0,118,39,55,3.62,Non-Healthy
28.9,85.8,196.0,118,39,55,3.65,Non-Healthy
28.9,85.8,196.0,118,39,55,3.68,Non-Healthy
25.68,89.26,350.63,104,61,125,2.91,Non-Healthy
28.01,82.62,593.6,100,90,67,5.33,Healthy
26.44,67.22,614.17,117,98,53,2.9,Non-Healthy
25.63,65.63,381.92,86,62,92,6.73,Healthy
23.93,91.66,337.84,104,49,112,4.78,Non-Healthy
27.04,70.05,149.23,65,104,133,4.57,Non-Healthy
24.13,66.28,579.4,105,45,102,3.02,Healthy
30.48,95.0,510.37,80,88,61,2.79,Non-Healthy
31.49,70.82,374.74,109,41,98,2.53,Healthy
23.37,64.37,412.72,66,101,91,4.42,Healthy
29.08,76.16,639.71,111,47,41,6.49,Healthy
25.4,75.2,629.05,65,97,81,4.63,Non-Healthy
25.95,92.44,223.87,73,69,114,4.9,Non-Healthy
30.96,64.7,612.43,63,105,110,3.41,Non-Healthy
18.99,63.19,415.65,92,76,107,4.1,Healthy
19.22,63.25,181.55,113,56,55,4.04,Healthy
18.28,91.65,300.66,88,84,106,3.07,Non-Healthy
29.66,75.73,518.43,109,42,92,6.3,Healthy
28.89,65.27,638.19,84,40,129,6.23,Healthy
30.18,80.78,182.84,115,59,104,6.04,Healthy
31.7,78.82,473.6,119,63,82,5.66,Healthy
29.19,66.94,513.31,105,58,91,4.85,Healthy
24.46,81.11,280.18,87,44,44,4.92,Healthy
28.93,71.91,558.85,97,43,83,2.37,Healthy
19.66,68.34,179.93,118,44,72,4.59,Healthy
26.96,77.86,259.01,62,46,56,5.25,Healthy
20.01,70.21,120.28,105,41,54,3.33,Healthy
31.23,67.77,411.59,93,100,129,5.29,Non-Healthy
25.31,90.79,272.79,101,72,126,5.91,Healthy
23.81,65.45,165.28,79,85,60,4.59,Non-Healthy
21.7,69.82,630.91,76,109,97,6.79,Healthy
28.84,73.51,235.23,73,53,67,6.33,Healthy
24.39,69.58,449.05,76,66,43,4.85,Healthy
25.96,67.37,277.45,93,66,94,5.79,Healthy
18.26,86.99,466.55,115,62,93,3.48,Non-Healthy
26.65,71.52,499.49,111,92,57,2.94,Healthy
26.57,63.94,540.84,105,62,121,4.86,Healthy
26.64,78.93,291.52,114,56,94,6.01,Healthy
31.21,64.39,147.41,115,64,45,5.01,Non-Healthy
27.55,72.51,617.22,66,52,51,3.39,Healthy
23.03,90.86,682.19,88,83,135,6.06,Non-Healthy
24.12,72.92,634.01,60,79,103,5.88,Healthy
27.77,82.14,167.91,90,76,45,3.61,Non-Healthy
18.84,78.01,575.38,113,109,76,6.03,Healthy
27.33,64.82,401.88,105,108,89,2.4,Healthy
27.39,82.72,486.63,103,58,124,5.17,Healthy
20.95,89.96,474.79,68,75,52,6.5,Healthy
19.8,63.26,430.32,64,41,116,3.47,Healthy
22.42,86.38,511.55,118,74,68,3.82,Non-Healthy
23.09,84.16,477.47,69,108,107,3.06,Healthy
25.98,90.33,454.57,79,107,119,2.2,Non-Healthy
24.14,63.64,202.84,67,91,102,5.95,Healthy
31.84,70.7,621.66,97,61,101,5.7,Non-Healthy
19.43,84.3,557.03,81,57,80,6.18,Healthy
20.92,60.77,679.33,113,55,110,3.96,Healthy
20.26,85.69,579.21,99,71,99,5.82,Healthy
27.14,90.03,457.86,78,62,128,6.66,Healthy
21.55,75.87,651.96,95,61,99,3.19,Non-Healthy
24.53,75.2,499.47,86,104,98,5.57,Healthy
21.42,69.75,299.88,101,59,130,6.68,Healthy
20.23,60.18,221.79,60,41,138,6.31,Healthy
19.55,66.52,470.5,62,86,57,6.62,Healthy
27.19,94.3,546.98,91,94,110,4.46,Non-Healthy
19.93,90.36,598.01,96,83,127,6.4,Healthy
20.75,69.33,285.47,93,69,139,2.54,Healthy
23.16,93.73,643.16,66,97,54,4.68,Non-Healthy
29.49,72.87,455.22,101,62,110,2.85,Non-Healthy
19.36,70.42,539.39,73,68,76,6.83,Healthy
29.73,65.35,588.72,93,89,55,6.56,Healthy
19.35,91.56,660.14,84,90,66,5.89,Non-Healthy
31.67,94.54,288.19,98,49,64,5.82,Healthy
24.56,71.46,347.63,94,74,42,2.38,Healthy
31.67,84.62,641.98,80,76,103,6.35,Non-Healthy
26.47,71.74,604.0,76,81,78,4.47,Non-Healthy
28.35,63.67,351.5,74,93,66,5.52,Healthy
18.55,73.74,391.06,74,55,114,4.62,Healthy
21.96,79.3,535.95,80,45,87,3.54,Healthy
19.68,64.31,155.52,72,79,78,4.71,Non-Healthy
22.15,88.64,333.04,80,73,132,4.22,Non-Healthy
19.66,77.41,239.61,76,77,124,6.9,Healthy
22.45,68.2,420.9,112,65,80,6.56,Healthy
23.8,80.75,567.82,105,68,67,6.97,Healthy
18.9,87.76,195.36,88,66,69,5.04,Non-Healthy
27.69,71.47,692.31,74,60,59,6.62,Healthy
25.93,84.55,390.92,97,47,64,5.62,Healthy
21.72,74.98,568.35,81,42,126,2.57,Healthy
25.33,93.74,324.4,69,85,51,5.07,Non-Healthy
19.32,86.98,403.12,104,48,115,4.1,Healthy
26.06,72.47,679.62,96,81,82,6.28,Healthy
31.01,60.62,520.35,82,54,133,5.48,Healthy
22.46,83.01,134.88,82,44,104,4.76,Healthy
27.34,66.93,254.55,66,74,132,5.77,Healthy
19.85,64.27,270.37,107,57,116,3.01,Healthy
28.03,92.61,676.17,85,46,83,5.8,Healthy
22.05,95.0,566.35,66,60,131,4.44,Healthy
20.56,69.45,513.61,76,56,133,4.69,Healthy
26.21,70.56,160.4,69,69,112,3.05,Non-Healthy
18.28,65.77,586.21,116,81,69,4.44,Healthy
29.61,76.02,225.37,113,62,48,2.64,Non-Healthy
18.07,90.3,206.29,96,56,134,4.5,Non-Healthy
27.49,84.55,623.93,65,45,137,6.3,Healthy
21.78,89.62,122.92,96,66,51,4.57,Non-Healthy
28.29,68.0,156.7,93,76,108,4.44,Non-Healthy
31.47,85.57,653.26,107,79,59,5.79,Non-Healthy
21.48,92.15,265.9,81,52,99,2.21,Healthy
26.07,69.85,569.12,107,78,82,2.4,Healthy
26.29,84.17,501.16,118,108,108,6.18,Healthy
26.01,74.02,185.09,86,87,115,2.26,Non-Healthy
21.12,70.16,581.06,118,59,127,5.06,Healthy
31.34,93.94,240.29,63,95,63,4.72,Non-Healthy
24.26,72.2,523.35,69,109,107,4.21,Healthy
29.85,63.77,340.89,68,102,92,3.96,Non-Healthy
27.79,73.6,435.96,64,53,122,4.44,Healthy
22.16,75.67,668.8,65,98,91,6.39,Healthy
29.39,86.33,270.32,75,70,119,4.98,Non-Healthy
23.55,93.25,294.64,99,57,111,5.81,Healthy
30.34,88.6,289.66,63,69,108,5.61,Healthy
26.14,92.58,334.61,104,73,121,3.4,Non-Healthy
30.34,76.63,454.44,76,102,71,2.08,Non-Healthy
27.7,85.18,584.15,111,104,129,4.43,Non-Healthy
28.15,70.82,638.01,119,106,81,4.76,Healthy
25.02,62.44,155.49,94,77,129,4.84,Non-Healthy
31.39,72.79,497.06,91,44,78,5.08,Healthy
27.02,84.43,463.59,114,50,115,6.27,Healthy
23.93,69.61,468.54,69,88,99,3.13,Non-Healthy
26.49,90.15,580.13,107,108,123,4.73,Non-Healthy
18.27,87.68,663.96,96,59,121,4.53,Non-Healthy
22.22,66.79,553.99,90,94,62,6.97,Healthy
27.24,71.58,219.54,69,89,48,2.08,Non-Healthy
22.06,88.89,673.7,98,106,105,3.81,Non-Healthy
26.65,68.54,621.82,92,64,49,2.53,Non-Healthy
24.0,71.61,293.8,62,105,93,3.39,Healthy
19.9,72.01,190.91,117,53,107,4.43,Healthy
22.18,88.04,587.47,71,101,77,6.18,Healthy
25.98,61.3,686.28,106,78,129,2.92,Non-Healthy
26.27,62.58,193.94,114,86,132,6.28,Healthy
26.04,80.25,497.79,111,41,129,4.27,Healthy
27.14,73.9,125.71,84,108,103,4.49,Non-Healthy
27.13,82.15,140.59,84,72,130,5.02,Non-Healthy
24.04,69.33,575.41,119,97,125,5.75,Healthy
30.55,91.84,593.04,115,41,71,6.16,Healthy
23.15,86.63,322.62,101,100,58,6.03,Healthy
24.1,62.37,379.82,109,69,79,4.94,Healthy
30.49,87.44,572.1,87,69,114,3.17,Non-Healthy
29.29,93.94,617.47,73,54,62,5.21,Non-Healthy
27.85,92.99,280.14,103,101,109,4.71,Non-Healthy
19.4,85.74,574.89,103,49,108,2.66,Healthy
30.87,64.33,236.51,107,66,137,2.24,Non-Healthy
28.0,80.16,379.46,64,45,133,4.6,Healthy
31.98,69.95,536.96,78,51,84,2.7,Healthy
20.09,93.96,517.76,65,50,94,6.5,Healthy
30.15,85.11,411.33,66,66,60,4.68,Non-Healthy
20.27,81.38,508.53,72,45,109,6.88,Healthy
26.62,84.33,149.31,96,104,55,5.02,Non-Healthy
19.73,75.33,287.2,103,57,76,2.27,Healthy
29.87,73.05,245.44,70,93,69,5.46,Non-Healthy
29.3,92.75,167.44,107,75,118,3.64,Non-Healthy
25.97,71.62,240.46,103,40,89,2.03,Healthy
23.7,61.45,618.82,119,93,81,4.5,Non-Healthy
18.97,74.03,639.84,116,78,136,2.02,Non-Healthy
27.76,87.66,429.2,94,78,130,3.49,Non-Healthy
24.35,82.7,400.95,93,40,104,4.34,Healthy
28.11,93.68,388.64,79,109,65,5.28,Healthy
30.13,63.72,676.25,78,59,66,5.2,Healthy
31.66,91.9,665.67,73,89,55,3.41,Non-Healthy
29.98,72.91,245.56,100,45,46,6.6,Healthy
18.16,76.59,175.1,113,94,76,5.45,Non-Healthy
23.04,75.0,151.54,77,63,55,4.45,Non-Healthy
28.22,64.08,327.44,113,97,47,3.67,Healthy
20.4,68.67,362.17,117,49,76,6.23,Healthy
25.29,85.98,263.65,98,56,111,5.79,Healthy
18.76,60.81,653.73,61,60,133,3.52,Non-Healthy
20.8,64.69,605.55,70,95,137,6.12,Healthy
18.26,60.88,551.79,71,101,110,3.78,Non-Healthy
29.11,90.01,400.66,115,75,62,6.61,Non-Healthy
21.13,81.61,634.17,76,91,65,4.01,Non-Healthy
22.83,65.95,668.21,107,93,139,4.23,Non-Healthy
30.99,86.91,634.85,81,88,78,5.72,Non-Healthy
27.86,93.84,271.59,79,57,113,4.12,Healthy
18.45,92.71,621.25,91,53,113,6.56,Healthy
20.31,92.25,323.21,110,96,104,4.68,Non-Healthy
26.7,60.27,191.5,102,106,72,2.02,Non-Healthy
26.08,80.62,551.3,69,68,84,4.71,Healthy
21.33,68.98,589.15,97,44,77,5.38,Healthy
31.08,79.76,692.33,105,49,132,2.36,Non-Healthy
26.6,71.13,398.96,82,96,114,2.14,Healthy
25.5,65.38,265.59,79,85,62,3.11,Healthy
26.26,75.56,157.93,60,60,112,4.29,Healthy
28.22,77.33,359.65,66,89,109,3.92,Healthy
22.37,94.64,454.91,62,49,121,2.07,Healthy
23.58,61.48,407.97,111,79,59,2.79,Healthy
20.94,70.54,214.42,102,83,96,5.84,Healthy
20.61,89.82,335.5,115,47,67,6.48,Healthy
31.22,83.09,652.39,108,109,90,3.44,Non-Healthy
28.35,88.93,386.39,61,71,124,3.34,Non-Healthy
24.87,83.11,417.09,69,93,118,2.85,Healthy
21.18,86.58,393.71,109,66,126,5.96,Healthy
21.56,77.25,343.13,83,98,126,2.19,Healthy
18.81,67.17,155.16,83,64,53,3.42,Non-Healthy
24.08,88.35,252.93,97,52,46,5.15,Healthy
22.37,79.87,410.0,87,73,135,4.37,Healthy
27.75,64.88,458.97,88,61,71,5.09,Healthy
23.29,88.17,397.32,119,87,48,4.81,Healthy
20.51,93.55,331.06,97,77,114,5.99,Healthy
18.35,72.12,586.03,97,51,56,5.72,Healthy
18.94,70.27,522.96,99,83,109,6.95,Healthy
27.51,62.86,668.34,101,83,120,4.53,Non-Healthy
24.35,83.26,136.09,107,108,112,4.37,Non-Healthy
25.51,93.56,551.57,62,82,114,6.16,Healthy
30.55,64.76,155.6,83,109,105,2.58,Non-Healthy
31.86,76.98,288.77,111,56,46,4.01,Healthy
21.04,63.44,651.92,94,60,52,4.8,Healthy
27.28,61.19,569.71,60,83,104,5.48,Healthy
21.69,83.26,503.97,96,42,108,2.25,Healthy
18.29,90.37,351.82,63,48,103,6.02,Healthy
28.62,71.81,148.9,104,93,97,4.02,Non-Healthy
22.48,90.65,270.95,60,94,101,5.6,Healthy
23.37,64.1,398.9,115,45,103,4.11,Healthy
26.24,68.33,365.21,85,95,77,5.99,Healthy
29.63,91.56,385.72,87,108,42,5.98,Non-Healthy
26.81,77.8,137.58,96,43,83,3.9,Healthy
30.22,81.29,487.18,108,108,135,2.58,Non-Healthy
21.83,61.33,381.56,61,81,45,4.43,Healthy
29.17,64.49,129.74,116,56,97,2.19,Non-Healthy
20.6,61.95,664.74,67,67,58,4.27,Non-Healthy
31.34,91.68,234.67,93,98,47,5.8,Non-Healthy
27.62,64.72,218.36,88,61,138,2.53,Non-Healthy
21.02,89.74,557.95,96,81,91,5.45,Non-Healthy
31.26,72.29,322.22,105,100,117,4.91,Non-Healthy
28.23,88.02,474.7,98,83,101,2.02,Non-Healthy
21.56,72.78,123.46,100,56,94,6.8,Healthy
20.99,69.37,370.23,97,43,59,5.21,Healthy
25.25,63.28,134.4,95,95,139,2.91,Non-Healthy
18.36,69.82,241.55,77,93,59,2.89,Non-Healthy
20.9,76.5,232.94,119,44,122,6.32,Healthy
23.95,88.61,683.14,86,95,135,3.16,Non-Healthy
23.24,75.84,295.4,113,62,55,4.38,Healthy
24.49,94.0,606.77,110,94,125,6.26,Non-Healthy
21.89,78.96,364.04,73,90,89,5.62,Healthy
26.21,60.87,620.04,90,64,59,5.85,Healthy
30.09,74.54,504.42,79,43,102,6.32,Healthy
19.65,84.11,124.11,80,106,60,5.35,Non-Healthy
25.24,68.2,184.73,106,72,75,3.87,Non-Healthy
19.85,84.45,138.18,72,103,89,5.03,Healthy
28.04,77.63,172.46,109,60,50,4.43,Healthy
23.54,60.9,247.78,104,53,79,4.77,Healthy
25.92,87.1,575.64,101,76,52,5.68,Healthy
20.57,79.61,545.53,111,60,53,5.14,Healthy
20.03,62.89,261.93,70,97,60,3.3,Healthy
24.83,76.63,346.45,105,74,102,4.94,Healthy
22.98,70.06,618.5,114,43,99,5.53,Healthy
31.17,90.79,161.95,105,100,90,3.77,Non-Healthy
28.71,69.97,447.59,80,93,102,3.42,Healthy
28.48,92.96,186.72,87,97,109,6.71,Non-Healthy
30.65,79.11,696.55,83,41,124,2.9,Non-Healthy
19.17,71.33,376.15,94,81,99,4.0,Healthy
25.73,88.47,650.86,94,59,133,4.38,Non-Healthy
26.18,84.41,208.73,77,87,85,6.3,Healthy
31.47,74.49,694.38,98,102,110,6.6,Non-Healthy
22.09,82.04,154.4,88,83,98,4.75,Non-Healthy
21.37,87.25,154.17,60,97,129,4.85,Non-Healthy
19.4,89.8,597.48,118,51,76,2.24,Healthy
18.23,88.57,570.42,117,85,85,3.66,Non-Healthy
31.01,65.81,263.8,104,60,107,3.99,Healthy
27.38,88.99,263.17,111,69,61,4.91,Non-Healthy
28.99,62.05,394.14,99,82,110,5.56,Healthy
21.94,67.01,667.29,75,90,110,5.86,Healthy
26.21,81.8,483.01,95,51,132,3.18,Healthy
18.9,64.01,602.87,71,58,81,2.61,Healthy
24.8,81.12,622.92,82,58,78,3.83,Healthy
31.68,70.78,197.98,116,59,48,5.44,Non-Healthy
30.27,75.03,455.71,73,104,124,6.91,Healthy
22.73,71.03,692.43,101,50,56,4.2,Healthy
31.46,62.46,175.47,97,55,40,3.59,Non-Healthy
21.24,77.53,377.26,115,75,79,4.87,Healthy
31.29,93.73,563.61,68,59,109,5.99,Healthy
31.18,81.41,693.95,61,62,126,2.77,Non-Healthy
29.19,70.5,189.44,99,103,118,2.58,Non-Healthy
26.83,93.47,354.57,98,53,78,5.6,Healthy
30.24,73.62,556.72,85,52,52,4.27,Healthy
22.1,84.41,464.57,92,107,119,4.82,Healthy
29.89,82.19,629.62,77,41,100,5.39,Non-Healthy
26.65,93.35,179.25,81,108,87,3.04,Non-Healthy
18.19,92.01,434.66,104,40,126,2.7,Healthy
22.86,65.18,473.33,62,58,43,4.87,Healthy
20.07,63.0,592.27,72,68,94,6.18,Healthy
31.75,88.34,610.46,96,68,103,3.46,Non-Healthy
24.7,91.67,395.02,72,56,58,5.23,Healthy
24.96,77.25,470.51,60,46,81,3.29,Healthy
26.95,84.18,124.55,63,83,51,6.24,Healthy
23.16,62.44,519.64,96,76,50,5.6,Healthy
19.92,67.69,128.96,113,48,57,6.27,Healthy
29.51,65.23,495.31,118,48,118,5.37,Healthy
20.66,81.04,413.42,117,85,97,2.33,Healthy
25.16,66.91,673.35,61,90,123,4.82,Non-Healthy
21.14,62.09,214.58,100,84,132,5.54,Healthy
19.37,70.58,342.59,67,76,128,2.85,Healthy
30.07,83.7,617.23,68,67,98,3.77,Non-Healthy
31.62,80.23,418.18,88,65,125,5.71,Healthy
31.45,71.58,592.48,96,108,42,5.0,Non-Healthy
30.69,89.17,414.31,93,96,84,2.8,Non-Healthy
28.84,69.67,515.79,65,69,47,6.17,Healthy
22.66,69.12,631.29,89,70,109,3.84,Non-Healthy
19.14,79.6,151.79,66,77,112,2.34,Healthy
23.7,76.74,630.9,89,105,95,2.37,Non-Healthy
21.25,75.61,223.8,81,78,85,4.84,Non-Healthy
19.85,65.45,558.07,100,54,138,5.47,Healthy
18.75,77.66,448.18,74,78,52,2.18,Healthy
28.16,69.07,313.09,114,53,70,3.44,Healthy
18.16,73.73,675.94,94,77,106,2.59,Non-Healthy
28.79,85.67,608.03,104,79,122,6.34,Non-Healthy
20.06,92.79,285.62,107,51,57,3.81,Healthy
19.11,87.09,237.56,92,73,96,5.09,Non-Healthy
19.25,74.2,328.21,87,99,111,3.33,Healthy
27.41,80.76,312.63,72,100,75,6.3,Healthy
21.44,86.13,212.66,91,87,52,6.37,Non-Healthy
23.89,74.5,663.7,75,79,82,3.68,Non-Healthy
25.8,72.61,634.82,71,63,102,5.5,Non-Healthy
30.05,64.73,627.41,119,40,60,5.42,Non-Healthy
28.18,85.77,384.31,104,42,41,4.88,Healthy
21.78,89.35,577.97,109,83,47,6.15,Healthy
19.84,71.08,329.01,109,46,94,4.94,Healthy
18.78,87.42,619.15,92,52,119,3.3,Non-Healthy
22.22,81.36,645.74,61,95,69,2.82,Non-Healthy
21.67,87.44,432.21,74,87,108,5.5,Healthy
24.39,74.4,396.19,101,107,52,6.5,Healthy
27.57,86.17,428.97,93,66,111,4.59,Non-Healthy
27.74,74.3,258.11,87,87,111,6.59,Healthy
21.97,63.11,173.28,119,102,91,4.52,Non-Healthy
23.32,79.27,344.41,81,56,52,6.4,Healthy
20.54,75.9,574.76,119,52,108,2.81,Healthy
29.04,68.85,515.42,93,96,50,4.14,Non-Healthy
18.8,91.22,607.71,102,84,103,2.75,Non-Healthy
27.76,73.4,381.85,102,56,99,3.31,Healthy
28.9,61.37,192.08,97,98,135,2.78,Non-Healthy
28.88,73.37,423.12,61,72,53,2.19,Healthy
21.63,74.86,142.9,79,97,128,2.23,Non-Healthy
23.23,90.16,369.9,71,106,127,6.77,Healthy
26.23,87.97,236.82,64,47,84,3.59,Non-Healthy
21.82,67.0,609.66,69,80,50,3.35,Non-Healthy
23.19,89.37,194.78,87,96,125,3.98,Non-Healthy
20.76,68.68,395.29,75,74,46,2.85,Healthy
24.44,71.97,343.38,61,46,124,3.25,Healthy
18.62,62.69,610.32,95,87,84,6.29,Healthy
29.2,61.94,445.74,60,96,44,5.59,Healthy
19.08,83.83,395.47,76,47,135,3.53,Healthy
25.26,92.32,465.79,68,86,135,3.1,Non-Healthy
22.3,77.26,254.64,77,91,132,5.01,Healthy
26.09,89.54,422.4,98,57,56,3.46,Healthy
31.43,87.78,323.02,80,56,105,4.16,Non-Healthy
27.04,83.26,183.17,119,72,136,3.29,Non-Healthy
18.5,94.24,579.07,110,62,106,4.17,Non-Healthy
24.03,88.08,329.26,60,61,69,4.09,Non-Healthy
25.14,69.62,281.77,83,85,114,2.84,Healthy
25.51,87.62,120.33,105,58,64,3.9,Non-Healthy
27.54,84.24,142.04,77,56,48,3.01,Healthy
21.89,73.98,266.07,109,81,87,6.51,Healthy
19.8,62.69,311.13,68,103,134,6.75,Healthy
23.5,67.5,525.49,69,108,65,3.55,Healthy
31.39,87.9,333.7,87,103,49,3.42,Non-Healthy
20.62,68.7,581.98,69,78,112,6.41,Healthy
30.66,94.93,460.56,110,50,107,5.17,Non-Healthy
25.61,84.29,323.33,110,47,82,6.31,Healthy
24.4,76.7,211.29,98,70,53,3.11,Non-Healthy
30.35,79.97,120.79,91,92,71,2.52,Non-Healthy
24.42,81.38,342.21,67,90,86,3.23,Healthy
28.14,93.91,355.9,70,106,61,3.14,Non-Healthy
23.59,65.66,331.06,105,52,40,5.7,Healthy
30.66,69.53,585.39,66,69,107,2.99,Non-Healthy
27.66,84.84,175.42,66,99,98,4.76,Non-Healthy
27.79,68.4,186.64,119,59,110,5.95,Healthy
22.59,90.5,255.41,97,64,116,6.99,Healthy
28.59,72.13,417.96,111,101,128,4.8,Non-Healthy
26.9,66.33,541.02,78,60,93,5.11,Healthy
21.36,61.67,644.12,103,100,55,4.7,Non-Healthy
20.25,80.85,274.92,105,96,44,5.52,Healthy
29.15,88.88,194.12,109,81,96,6.97,Non-Healthy
31.43,69.58,415.34,91,73,49,3.94,Non-Healthy
24.41,92.11,293.76,85,70,69,5.08,Non-Healthy
26.27,86.52,691.01,108,51,69,5.41,Non-Healthy
30.01,62.15,143.11,97,65,66,4.96,Non-Healthy
24.4,80.04,230.72,74,62,44,5.44,Non-Healthy
31.33,79.86,557.06,97,93,67,4.98,Non-Healthy
26.06,67.08,344.1,108,100,69,4.02,Healthy
29.49,71.71,446.1,84,97,56,4.83,Non-Healthy
30.72,76.04,592.96,63,40,54,5.82,Healthy
29.42,61.68,506.78,102,109,44,4.72,Non-Healthy
20.23,65.24,470.06,103,77,113,2.94,Healthy
26.8,65.74,515.46,118,80,118,3.04,Non-Healthy
23.58,73.27,157.26,90,82,51,3.87,Non-Healthy
18.88,86.16,176.72,68,94,63,6.47,Non-Healthy
23.94,89.1,472.38,76,42,128,5.39,Healthy
21.62,65.7,333.35,81,80,61,2.29,Healthy
29.89,86.32,697.51,66,108,105,6.25,Non-Healthy
18.47,83.47,595.98,64,97,72,3.95,Healthy
31.43,91.17,657.36,90,81,116,4.41,Non-Healthy
22.98,93.91,224.67,83,94,40,2.15,Non-Healthy
22.99,64.36,482.34,109,76,135,2.03,Healthy
18.23,62.82,136.17,114,68,76,6.27,Healthy
20.59,87.99,546.38,117,92,67,6.39,Healthy
23.62,65.68,144.49,61,49,44,3.64,Healthy
31.01,66.81,510.97,110,43,100,5.93,Healthy
19.39,90.87,243.17,100,78,94,5.35,Non-Healthy
31.23,92.86,462.89,67,56,78,6.98,Healthy
30.17,71.15,280.07,69,56,90,3.45,Healthy
24.36,89.48,132.99,99,71,74,6.34,Non-Healthy
22.57,90.06,517.61,110,97,107,4.97,Non-Healthy
21.26,81.19,380.22,105,83,123,3.88,Healthy
26.6,79.81,540.05,68,83,93,6.56,Healthy
18.46,80.15,152.65,88,41,101,5.42,Healthy
18.22,70.55,427.52,76,89,123,3.19,Non-Healthy
24.0,81.66,151.47,80,109,44,3.33,Non-Healthy
18.95,68.53,203.43,64,89,129,2.26,Non-Healthy
21.53,66.22,574.96,95,99,125,6.52,Healthy
21.1,74.45,252.63,119,45,139,5.78,Healthy
21.54,84.7,174.13,118,42,76,2.5,Healthy
19.83,81.75,202.25,100,42,133,4.78,Healthy
18.17,93.77,202.03,101,57,58,4.71,Non-Healthy
19.62,82.63,609.42,75,71,41,4.13,Non-Healthy
26.66,64.95,462.17,106,48,99,5.44,Healthy
31.64,65.64,579.56,95,78,66,5.5,Healthy
31.86,63.26,269.19,93,41,69,4.91,Healthy
23.73,66.69,483.28,72,100,64,2.86,Healthy
20.28,80.93,641.37,74,63,94,3.38,Non-Healthy
26.94,89.34,429.69,110,55,106,4.11,Healthy
24.86,91.29,625.03,94,92,89,3.61,Non-Healthy
31.85,74.0,246.47,63,99,131,5.92,Non-Healthy
18.91,79.55,680.82,65,83,90,3.56,Non-Healthy
28.97,88.32,166.22,91,77,133,4.62,Non-Healthy
22.04,70.92,561.44,83,109,115,3.64,Healthy
21.38,80.85,237.0,110,88,94,4.32,Non-Healthy
27.28,66.09,187.79,100,72,40,2.68,Non-Healthy
21.44,76.68,444.24,72,50,112,2.03,Healthy
27.32,66.06,303.87,60,91,131,2.04,Healthy
25.24,76.18,249.06,86,86,48,3.6,Non-Healthy
23.94,73.89,374.69,83,74,78,5.91,Healthy
25.77,75.16,693.28,74,104,92,6.9,Healthy
22.02,68.53,486.95,85,54,120,6.21,Healthy
27.89,64.76,281.59,75,68,53,4.9,Healthy
23.81,69.65,691.82,68,68,96,4.39,Non-Healthy
23.05,68.39,281.92,87,103,75,5.71,Healthy
29.6,85.7,537.4,95,67,67,2.47,Non-Healthy
30.95,85.09,272.73,83,65,63,4.04,Non-Healthy
18.64,80.46,569.1,71,92,87,5.55,Healthy
21.26,63.2,493.51,103,89,55,5.51,Healthy
22.88,79.82,452.17,65,40,90,5.04,Healthy
29.41,62.77,386.16,62,83,101,3.39,Non-Healthy
31.8,60.64,260.85,112,63,48,5.68,Healthy
31.57,72.34,473.47,77,64,121,6.7,Healthy
30.67,68.42,627.12,96,42,120,3.46,Healthy
22.15,80.81,138.16,99,93,64,2.08,Non-Healthy
31.89,92.5,544.95,67,53,95,4.07,Healthy
21.49,85.19,630.36,93,100,54,3.06,Non-Healthy
19.48,86.86,477.79,91,43,120,2.01,Healthy
31.31,93.28,269.89,88,79,112,6.77,Non-Healthy
21.27,82.19,323.86,71,47,99,3.05,Healthy
27.66,80.22,554.31,119,86,127,5.76,Healthy
18.82,81.07,332.76,115,62,61,2.57,Healthy
28.23,90.3,124.68,103,44,114,3.12,Non-Healthy
30.34,73.58,181.2,112,74,73,5.86,Non-Healthy
21.81,87.84,285.5,88,103,96,6.4,Healthy
23.31,82.83,348.04,87,47,136,6.18,Healthy
23.24,70.66,331.31,83,91,77,3.26,Healthy
28.48,60.48,587.73,92,62,119,3.23,Non-Healthy
21.33,67.35,248.52,107,89,89,3.56,Non-Healthy
20.41,84.5,357.98,80,75,116,5.0,Healthy
24.29,80.29,592.25,95,108,90,3.05,Healthy
22.26,69.61,580.19,118,108,121,4.92,Healthy
29.75,75.2,239.03,92,65,115,4.84,Non-Healthy
21.33,83.14,331.16,63,108,76,3.2,Healthy
25.03,64.45,210.66,72,49,96,5.25,Healthy
31.2,75.13,172.26,115,69,66,5.38,Non-Healthy
26.88,74.58,441.43,93,75,130,5.94,Healthy
30.14,78.99,305.31,98,94,81,2.98,Non-Healthy
31.16,78.27,417.94,99,67,62,4.86,Non-Healthy
28.51,72.87,460.99,119,41,110,3.08,Healthy
27.79,86.7,471.59,88,62,60,4.61,Non-Healthy
31.55,62.35,665.64,111,102,98,7.0,Non-Healthy
31.92,61.24,256.1,77,96,51,5.72,Healthy
24.33,74.71,640.89,85,73,80,5.28,Non-Healthy
18.99,91.38,149.76,118,57,105,3.82,Non-Healthy
22.1,69.71,137.62,86,78,102,4.88,Non-Healthy
20.13,66.03,183.09,87,100,65,2.17,Non-Healthy
23.84,92.49,493.34,62,93,112,6.2,Healthy
19.84,65.89,427.57,118,69,108,5.53,Healthy
26.46,73.12,214.03,79,103,98,2.86,Non-Healthy
23.36,85.52,205.78,92,83,45,6.82,Non-Healthy
30.54,69.13,427.07,85,109,106,4.6,Non-Healthy
31.55,68.04,676.22,87,90,92,5.97,Non-Healthy
25.66,73.92,225.98,72,81,127,4.68,Non-Healthy
21.85,87.56,270.3,107,84,116,4.04,Non-Healthy
26.29,91.88,189.94,103,94,98,5.02,Non-Healthy
30.55,61.1,464.87,64,100,124,3.14,Non-Healthy
23.69,65.78,657.53,65,44,96,3.9,Healthy
25.73,93.55,258.05,114,66,101,5.26,Non-Healthy
21.8,80.75,394.0,110,69,80,6.69,Healthy
24.38,79.3,646.42,80,75,102,2.88,Non-Healthy
23.62,88.47,530.8,87,108,115,3.69,Healthy
21.48,61.39,426.41,63,70,63,5.02,Healthy
25.08,60.48,490.8,60,101,40,3.45,Healthy
22.35,93.86,543.89,94,88,130,6.9,Healthy
23.22,89.0,542.52,106,100,129,3.01,Non-Healthy
25.35,86.16,401.29,109,54,76,6.54,Healthy
28.51,65.45,283.26,69,49,86,4.66,Healthy
22.67,76.68,239.58,95,60,97,4.92,Healthy
30.94,92.81,652.8,97,55,69,5.98,Non-Healthy
30.07,92.68,153.78,61,106,61,2.25,Non-Healthy
18.68,60.32,315.5,105,59,50,4.97,Healthy
21.55,86.34,520.23,93,62,120,2.48,Non-Healthy
24.25,60.22,468.04,86,40,129,5.14,Healthy
19.46,94.45,371.27,72,108,41,6.31,Healthy
22.88,74.59,180.46,84,77,91,5.77,Healthy
28.36,94.07,200.93,83,97,82,3.08,Non-Healthy
27.53,72.87,523.98,93,62,49,2.95,Healthy
26.71,70.26,400.54,90,97,110,3.23,Healthy
27.95,71.07,316.94,68,83,93,2.29,Healthy
20.87,85.57,337.38,99,100,110,3.29,Non-Healthy
22.78,66.99,368.64,91,75,51,3.75,Healthy
27.47,90.24,516.17,64,67,105,2.61,Non-Healthy
30.31,80.67,468.55,103,60,111,5.78,Healthy
25.61,93.95,160.88,74,83,124,2.94,Non-Healthy
21.96,94.55,211.34,119,81,139,2.12,Non-Healthy
18.42,66.48,160.92,71,101,79,5.13,Non-Healthy
27.94,93.45,140.06,89,94,42,3.36,Non-Healthy
18.11,61.63,570.08,89,94,75,7.0,Healthy
23.22,60.98,613.56,77,60,41,4.75,Healthy
25.43,93.04,361.38,101,42,51,5.43,Healthy
30.91,93.68,681.93,64,63,56,4.04,Non-Healthy
19.25,65.15,620.89,62,74,134,2.28,Non-Healthy
23.68,75.48,619.02,72,98,87,2.15,Non-Healthy
18.34,77.29,332.97,66,40,56,4.62,Healthy
22.8,90.11,673.52,73,51,122,6.45,Healthy
26.71,81.98,554.38,111,40,115,4.79,Healthy
21.91,87.11,325.14,106,105,99,5.75,Healthy
20.94,76.98,635.52,74,47,129,4.33,Healthy
19.62,82.69,122.39,67,97,64,3.76,Non-Healthy
26.08,85.74,451.52,105,99,102,3.8,Non-Healthy
27.73,85.83,421.7,111,60,65,4.88,Healthy
27.41,60.06,167.44,82,99,130,2.03,Non-Healthy
31.28,63.5,620.17,100,98,57,5.64,Non-Healthy
18.04,72.73,283.39,103,88,81,4.88,Healthy
27.06,62.14,338.28,66,76,126,6.05,Healthy
26.41,73.4,395.59,66,97,54,2.75,Healthy
26.24,73.63,593.82,62,72,108,3.19,Healthy
31.48,92.21,465.06,115,83,59,5.66,Non-Healthy
18.24,79.85,447.1,76,93,115,2.95,Healthy
27.75,84.72,330.18,84,109,135,2.77,Healthy
29.39,91.05,282.22,62,61,45,4.99,Non-Healthy
25.14,75.47,397.31,83,46,88,5.26,Healthy
22.68,60.07,268.33,91,62,107,5.84,Healthy
29.07,69.99,316.92,102,53,137,6.36,Healthy
19.36,88.5,375.42,70,108,70,2.01,Non-Healthy
24.19,91.56,609.23,113,79,42,3.41,Non-Healthy
25.28,72.3,659.7,65,84,95,2.06,Non-Healthy
27.72,70.29,601.25,90,60,94,5.67,Healthy
19.27,92.36,424.91,69,109,95,4.18,Non-Healthy
21.19,72.29,532.7,110,51,64,6.37,Healthy
23.74,82.83,314.42,114,45,54,6.64,Healthy
26.73,69.81,386.33,105,73,41,4.46,Healthy
30.42,63.43,665.48,70,81,94,5.23,Non-Healthy
26.66,77.54,325.87,104,78,92,4.5,Healthy
19.87,92.31,220.33,108,62,60,3.09,Non-Healthy
31.73,81.65,393.81,86,44,61,3.57,Healthy
30.21,67.31,498.5,61,77,111,4.5,Non-Healthy
25.04,83.89,193.38,94,103,62,6.83,Healthy
30.91,86.89,190.82,100,46,129,3.95,Non-Healthy
25.58,71.23,296.14,62,69,44,4.23,Healthy
30.93,79.57,646.44,111,71,120,5.65,Non-Healthy
29.62,83.87,511.27,60,76,79,6.43,Healthy
31.56,65.61,248.72,79,99,62,6.78,Non-Healthy
30.88,93.74,470.02,103,75,84,4.96,Non-Healthy
18.5,75.79,502.94,100,86,80,4.49,Healthy
20.45,94.29,423.37,61,93,105,3.95,Non-Healthy
23.45,66.64,560.44,106,40,112,3.03,Healthy
31.33,76.93,134.35,69,65,82,5.68,Non-Healthy
22.2,65.8,230.85,79,75,48,4.44,Non-Healthy
20.25,60.36,680.5,104,106,95,6.99,Healthy
30.41,68.33,408.69,66,108,111,5.1,Non-Healthy
24.25,74.11,164.38,112,82,103,4.97,Non-Healthy
30.71,75.09,298.74,70,61,68,2.68,Non-Healthy
20.24,91.03,121.03,93,55,44,5.8,Healthy
27.26,82.25,456.06,82,55,124,4.27,Healthy
24.16,75.21,699.7,92,50,139,2.07,Healthy
19.07,94.58,462.26,72,92,94,2.77,Non-Healthy
27.75,81.5,473.84,62,89,111,6.5,Healthy
21.46,71.29,310.08,67,67,81,2.19,Healthy
18.55,84.2,257.48,67,89,117,3.25,Healthy
18.84,77.35,414.73,68,80,101,4.93,Healthy
18.86,90.84,641.88,111,64,96,3.31,Non-Healthy
30.71,91.38,125.66,63,78,59,3.58,Non-Healthy
28.36,72.86,450.4,109,65,72,3.01,Healthy
30.57,79.68,368.54,60,74,113,3.97,Non-Healthy
27.42,69.3,480.28,78,47,134,4.27,Healthy
25.41,81.93,607.18,76,58,77,2.53,Healthy
22.26,94.73,380.45,78,48,117,6.53,Healthy
31.97,89.14,246.26,60,81,134,3.88,Non-Healthy
23.07,72.82,338.43,87,102,105,3.97,Healthy
24.59,63.34,207.32,80,103,116,6.8,Healthy
23.3,93.83,169.24,118,51,44,6.57,Healthy
31.71,73.64,338.01,70,71,129,6.6,Healthy
20.45,70.27,482.91,105,46,67,6.7,Healthy
22.59,71.07,272.44,112,80,49,3.36,Healthy
27.52,77.15,651.1,63,91,112,5.86,Healthy
18.88,93.49,519.59,97,58,101,6.74,Healthy
26.5,94.53,518.06,79,89,139,3.71,Non-Healthy
24.69,70.36,521.19,79,99,64,4.86,Healthy
21.98,72.3,120.98,78,89,137,6.25,Healthy
21.34,77.91,591.54,108,94,49,4.92,Healthy
25.2,60.29,652.21,65,49,108,5.84,Healthy
23.15,66.12,131.25,110,83,57,6.44,Healthy
24.39,92.76,467.01,62,107,106,4.31,Non-Healthy
22.72,61.03,512.41,81,97,61,4.55,Healthy
31.59,63.53,233.82,99,96,51,2.33,Non-Healthy
19.87,74.72,606.16,94,43,138,4.9,Healthy
19.36,85.6,482.98,102,106,68,3.68,Non-Healthy
22.81,69.41,250.53,85,41,133,3.81,Healthy
26.27,70.71,680.97,94,100,139,3.83,Non-Healthy
27.23,70.69,245.2,87,71,60,6.41,Healthy
23.56,90.54,513.58,100,103,107,3.62,Non-Healthy
31.99,67.91,394.86,98,95,103,5.47,Non-Healthy
22.93,79.68,539.51,85,75,70,2.59,Healthy
28.1,95.0,176.7,103,83,68,2.22,Non-Healthy
26.93,85.5,672.48,73,45,130,4.44,Healthy
29.38,71.77,238.6,106,78,124,4.04,Non-Healthy
31.67,86.79,247.82,91,41,75,6.72,Non-Healthy
30.46,93.39,441.34,109,80,90,3.13,Non-Healthy
28.7,73.07,322.85,71,73,86,6.34,Healthy
27.78,84.78,376.44,111,85,123,5.8,Healthy
22.7,62.65,141.52,73,90,69,2.43,Non-Healthy
20.07,91.34,256.23,99,57,138,5.14,Healthy
18.88,63.37,568.65,62,66,134,5.05,Healthy
21.39,73.05,643.28,63,64,88,4.85,Non-Healthy
24.05,78.99,255.42,88,90,68,2.38,Healthy
25.31,69.23,568.54,85,100,119,6.44,Healthy
28.82,82.72,136.79,66,48,76,5.66,Healthy
31.42,79.41,145.94,65,89,50,4.93,Non-Healthy
19.64,85.1,347.95,73,68,109,2.73,Non-Healthy
19.5,72.39,205.79,110,85,59,3.31,Non-Healthy
26.26,79.11,216.36,92,78,42,6.27,Healthy
28.44,88.43,483.89,111,56,110,4.23,Healthy
29.87,88.37,617.74,103,55,104,2.97,Non-Healthy
31.1,85.0,571.8,81,83,97,3.85,Non-Healthy
31.77,78.97,315.17,78,77,70,2.47,Non-Healthy
23.6,83.56,627.63,88,90,44,6.39,Healthy
23.32,63.04,607.98,101,45,40,3.52,Healthy
20.07,76.5,424.04,82,43,126,4.3,Healthy
27.59,90.11,396.01,119,77,127,6.86,Healthy
27.19,81.26,153.91,73,91,50,4.17,Non-Healthy
30.07,92.96,207.3,104,82,46,4.96,Non-Healthy
19.36,69.18,169.54,97,48,102,5.11,Healthy
24.97,63.37,425.53,82,99,136,3.05,Healthy
26.14,81.93,512.45,60,101,107,6.41,Healthy
21.38,63.18,478.89,94,98,76,6.02,Healthy
20.37,87.37,626.27,65,51,137,5.6,Healthy
30.03,68.99,502.05,100,93,136,3.65,Non-Healthy
18.82,78.86,601.23,107,66,46,4.84,Non-Healthy
24.59,88.4,201.45,88,69,109,5.3,Non-Healthy
19.62,87.58,219.56,79,72,103,3.82,Non-Healthy
24.4,77.36,652.68,81,48,119,6.81,Healthy
31.72,94.15,325.73,108,90,139,2.8,Non-Healthy
23.93,77.42,245.86,103,40,129,4.68,Healthy
30.0,69.76,649.0,65,64,59,5.49,Non-Healthy
19.64,70.59,682.66,76,62,41,4.87,Non-Healthy
21.8,86.03,489.91,87,57,64,5.28,Healthy
23.65,75.3,345.24,100,100,125,6.61,Healthy
23.6,74.66,519.26,79,96,138,3.8,Healthy
27.4,60.72,129.02,86,71,54,5.77,Healthy
22.83,70.68,203.93,71,66,42,2.73,Non-Healthy
27.99,90.11,333.85,84,75,111,3.04,Non-Healthy
26.95,88.12,602.69,105,58,63,3.66,Non-Healthy
23.59,86.13,296.5,104,79,94,4.77,Non-Healthy
24.04,60.81,153.57,106,90,78,5.21,Non-Healthy
26.6,60.94,339.67,107,42,71,2.49,Healthy
18.98,70.9,259.93,107,84,105,3.54,Healthy
29.51,76.61,152.51,117,81,99,6.34,Non-Healthy
27.15,91.84,351.38,112,87,57,6.31,Non-Healthy
28.17,73.46,323.82,98,108,92,5.08,Healthy
25.52,70.1,545.63,69,97,117,6.89,Healthy
19.55,79.99,156.66,103,82,70,5.36,Non-Healthy
23.67,92.01,339.85,97,73,139,3.24,Non-Healthy
23.68,85.85,318.61,76,98,97,4.54,Non-Healthy
22.49,89.98,495.16,68,57,126,2.84,Healthy
18.42,66.38,634.99,84,105,123,6.3,Healthy
28.32,64.4,202.93,100,108,68,3.08,Non-Healthy
19.54,79.04,593.43,118,107,110,3.06,Healthy
26.49,84.41,473.64,119,52,105,6.83,Healthy
27.85,93.42,136.96,61,103,45,3.45,Non-Healthy
26.89,73.0,564.8,72,90,51,6.11,Healthy
31.43,72.13,431.86,85,45,93,2.51,Healthy
19.45,78.05,583.96,63,78,64,3.48,Healthy
30.14,83.97,357.14,89,60,130,3.87,Healthy
18.41,79.81,505.99,106,83,87,5.49,Healthy
25.49,85.31,235.31,72,70,105,3.86,Non-Healthy
23.66,73.31,231.27,69,109,82,3.01,Non-Healthy
25.34,90.18,317.35,111,55,103,3.82,Healthy
23.11,66.4,421.28,78,85,72,6.88,Healthy
20.67,71.06,535.59,87,80,51,6.44,Healthy
18.27,87.08,506.75,109,66,58,5.01,Non-Healthy
25.25,71.75,596.38,117,91,64,2.74,Healthy
29.8,83.39,367.31,116,90,44,6.49,Healthy
23.23,70.07,649.27,84,101,47,5.14,Non-Healthy
21.12,66.55,183.32,89,89,72,4.97,Non-Healthy
19.13,70.53,228.58,114,103,55,4.43,Non-Healthy
19.19,91.04,516.56,113,108,41,5.82,Healthy
21.1,76.13,267.19,75,58,128,4.31,Healthy
19.4,67.89,215.46,90,69,77,2.23,Non-Healthy
21.71,71.25,634.17,90,100,121,2.19,Non-Healthy
18.93,60.1,159.67,78,90,71,6.67,Healthy
18.92,86.45,695.05,112,90,71,6.38,Non-Healthy
29.99,67.9,620.3,73,103,112,3.85,Non-Healthy
20.27,80.93,623.59,103,76,105,3.01,Non-Healthy
25.84,60.88,484.65,74,83,92,6.07,Healthy
28.83,89.21,250.42,68,42,40,5.65,Healthy
24.39,66.56,582.89,78,85,69,3.97,Healthy
20.15,60.17,151.2,64,82,96,6.42,Healthy
20.79,70.54,457.63,73,47,41,4.01,Healthy
24.06,92.22,374.71,114,97,65,6.37,Healthy
25.4,69.19,555.24,86,97,106,4.13,Non-Healthy
22.89,77.62,133.79,117,78,84,2.7,Non-Healthy
28.94,74.25,344.34,90,99,58,3.99,Non-Healthy
28.51,70.3,396.71,76,57,124,4.2,Healthy
30.98,92.46,208.37,74,85,137,3.54,Non-Healthy
18.41,87.61,360.54,117,51,91,6.79,Healthy
30.54,86.67,648.08,102,55,117,3.85,Non-Healthy
23.5,78.41,391.81,93,84,71,4.32,Healthy
30.3,88.87,266.03,100,102,44,6.49,Non-Healthy
27.67,76.05,428.75,82,73,80,4.01,Healthy
31.82,76.28,155.29,93,49,139,3.5,Non-Healthy
28.63,77.28,290.68,118,60,138,6.69,Healthy
23.1,68.29,574.51,105,84,63,2.85,Healthy
25.01,92.33,492.31,99,100,134,6.65,Healthy
23.27,69.06,133.91,88,83,96,5.12,Non-Healthy
23.11,66.94,450.53,91,93,97,2.77,Healthy
21.65,68.53,246.06,105,71,101,4.86,Non-Healthy
24.94,88.61,685.93,113,48,43,6.9,Healthy
27.54,86.9,574.54,69,79,117,2.02,Non-Healthy
21.88,74.95,194.19,95,54,86,5.31,Healthy
25.34,60.48,343.62,96,101,67,3.26,Healthy
19.64,94.15,404.18,114,58,136,5.36,Healthy
20.24,64.64,225.78,60,49,41,2.55,Healthy
18.66,89.8,528.48,101,42,43,2.96,Healthy
31.59,87.36,608.0,84,66,138,3.7,Non-Healthy
18.05,92.83,122.59,95,58,51,3.36,Non-Healthy
20.5,87.07,197.27,100,60,99,5.12,Non-Healthy
26.58,71.6,284.41,66,104,126,4.25,Healthy
19.14,68.12,690.78,77,94,57,5.03,Non-Healthy
30.35,73.22,354.63,93,50,68,5.79,Healthy
28.07,67.11,218.75,104,78,79,2.48,Non-Healthy
31.53,85.19,190.14,116,92,106,2.11,Non-Healthy
25.11,88.93,642.79,71,76,92,5.33,Non-Healthy
22.21,82.63,589.94,119,98,129,6.83,Healthy
25.69,66.51,479.19,99,63,56,5.62,Healthy
31.03,61.31,433.02,116,101,84,3.06,Non-Healthy
25.29,80.31,570.75,64,101,127,6.57,Healthy
21.74,76.19,304.53,117,70,44,2.63,Healthy
30.28,66.99,491.12,113,90,116,6.34,Healthy
23.21,72.88,547.37,113,105,111,4.24,Healthy
18.02,78.95,453.88,101,67,63,3.61,Healthy
21.47,82.15,217.86,88,64,128,4.7,Non-Healthy
22.46,76.68,691.82,117,86,103,4.58,Non-Healthy
30.02,94.0,590.49,92,76,121,3.01,Non-Healthy
24.42,61.62,404.56,77,91,83,6.35,Healthy
24.22,83.04,479.58,69,77,132,6.14,Healthy
22.71,91.83,560.84,109,64,109,6.78,Healthy
30.33,68.28,385.98,88,107,126,5.18,Non-Healthy
31.23,67.48,548.69,100,54,56,6.06,Healthy
31.89,86.68,568.3,79,71,87,5.19,Non-Healthy
23.27,77.02,386.22,105,92,42,6.59,Healthy
31.53,94.73,228.91,69,109,109,3.33,Non-Healthy
29.09,80.62,466.7,71,75,83,6.04,Healthy
27.46,92.32,441.49,86,84,62,5.77,Healthy
21.43,60.43,410.29,104,72,59,5.27,Healthy
21.03,65.41,153.98,82,89,124,4.19,Non-Healthy
20.32,83.95,570.99,107,95,78,2.96,Non-Healthy
30.92,74.58,432.45,68,82,122,4.9,Non-Healthy
22.12,89.26,369.78,100,43,49,6.81,Healthy
24.34,75.01,592.64,113,57,127,6.19,Healthy
24.92,84.95,234.19,62,64,107,2.85,Non-Healthy
28.89,79.82,277.58,75,92,86,2.88,Healthy
29.82,64.2,491.04,86,42,46,4.85,Healthy
19.95,85.13,346.23,106,75,52,4.89,Non-Healthy
23.98,84.72,295.78,89,57,49,5.32,Healthy
29.8,64.05,267.68,71,53,66,5.93,Healthy
29.45,79.67,401.72,118,57,113,3.76,Healthy
19.43,71.75,569.81,119,91,51,4.03,Healthy
20.19,76.06,587.09,77,95,109,6.91,Healthy
22.26,74.8,578.53,109,45,40,6.44,Healthy
19.06,63.67,633.67,106,76,111,3.12,Non-Healthy
23.95,65.53,149.43,92,55,94,5.6,Healthy
19.51,63.04,689.69,99,44,101,5.39,Healthy
25.96,66.74,367.35,67,43,125,6.04,Healthy
21.45,89.84,231.93,65,85,113,5.53,Non-Healthy
26.35,60.86,682.61,118,100,68,5.58,Healthy
19.65,75.11,598.61,77,70,120,4.34,Healthy
31.66,88.03,659.24,68,87,86,2.46,Non-Healthy
31.06,63.51,423.43,90,73,92,6.52,Healthy
23.49,67.97,553.69,104,97,124,3.74,Healthy
21.39,85.46,421.29,108,103,80,3.21,Non-Healthy
21.51,82.66,432.88,70,103,134,2.01,Healthy
24.77,79.71,671.87,94,94,54,3.63,Non-Healthy
18.56,66.01,548.25,104,67,80,2.64,Healthy
26.96,87.81,448.73,78,93,124,5.08,Non-Healthy
23.72,64.95,347.79,107,69,41,3.75,Healthy
23.28,64.72,215.31,65,70,84,4.51,Non-Healthy
29.33,87.83,187.12,89,55,68,3.62,Non-Healthy
27.93,72.92,293.81,115,86,51,6.03,Healthy
31.36,70.94,521.83,61,71,101,2.62,Non-Healthy
22.93,69.75,231.1,99,77,106,3.29,Non-Healthy
30.57,71.37,196.25,96,93,73,4.26,Non-Healthy
28.78,71.92,165.1,90,61,64,4.66,Non-Healthy
23.0,84.37,610.82,74,41,44,6.72,Healthy
26.7,68.41,259.89,68,97,76,6.11,Healthy
22.04,71.39,236.49,100,62,90,5.92,Healthy
30.24,87.17,346.7,89,75,100,6.85,Non-Healthy
19.57,91.96,485.1,62,43,132,4.44,Healthy
20.97,81.45,460.03,119,91,45,6.9,Healthy
20.56,63.68,655.72,84,94,133,5.59,Healthy
23.64,78.96,515.54,99,72,90,6.02,Healthy
28.43,81.97,445.94,102,93,127,5.35,Healthy
25.38,70.99,532.73,62,103,77,3.12,Healthy
24.83,88.98,504.96,62,61,47,4.65,Non-Healthy
18.01,87.37,565.14,83,92,118,2.29,Non-Healthy
23.96,80.14,452.01,98,42,136,5.69,Healthy
18.89,65.08,588.23,68,51,138,6.56,Healthy
20.92,84.41,642.03,94,109,107,3.48,Non-Healthy
31.05,91.34,523.96,69,71,110,5.57,Healthy
21.02,68.75,327.42,90,69,73,2.24,Healthy
30.02,93.55,282.39,62,101,102,6.46,Non-Healthy
29.24,87.0,489.57,108,46,100,3.38,Non-Healthy
20.23,70.51,486.23,77,77,45,4.61,Healthy
26.48,81.59,133.87,88,40,44,2.93,Healthy
19.62,70.77,553.32,79,47,84,5.24,Healthy
28.19,63.48,248.69,109,70,60,6.58,Healthy
26.92,88.85,151.6,73,95,74,6.57,Non-Healthy
29.37,83.3,208.86,108,61,97,4.56,Non-Healthy
24.71,81.49,500.93,64,65,136,3.49,Healthy
30.81,64.98,423.37,104,62,63,6.38,Healthy
18.69,73.21,611.22,70,84,124,6.91,Healthy
22.1,90.68,181.63,63,49,52,5.04,Non-Healthy
28.01,65.72,601.12,73,62,128,3.91,Non-Healthy
23.85,61.68,497.53,68,93,54,5.7,Healthy
20.42,66.69,244.66,69,76,118,2.11,Non-Healthy
19.5,68.76,547.41,113,98,62,2.38,Healthy
29.44,87.43,549.97,70,40,46,2.87,Non-Healthy
24.62,82.68,182.64,62,94,100,3.05,Healthy
30.35,60.61,274.54,115,55,84,6.48,Healthy
28.27,60.61,490.54,110,100,124,3.22,Healthy
23.74,79.84,340.73,112,82,48,3.85,Healthy
23.23,82.17,563.84,66,78,99,3.35,Healthy
25.22,64.39,430.9,112,86,103,5.35,Healthy
30.45,81.37,617.06,97,101,124,4.22,Non-Healthy
28.32,68.41,184.4,60,68,112,3.16,Healthy
18.07,71.79,545.57,85,104,106,6.5,Healthy
27.72,74.31,389.49,89,106,75,4.99,Healthy
30.87,64.07,421.25,68,88,97,4.53,Non-Healthy
27.95,93.71,284.75,98,103,117,6.69,Healthy
20.48,94.08,276.06,66,58,116,5.76,Healthy
24.77,75.58,230.09,74,87,97,4.61,Non-Healthy
19.96,69.01,336.54,118,77,90,2.62,Healthy
23.03,93.55,258.61,109,46,62,6.13,Healthy
31.12,88.63,230.04,73,91,44,3.28,Non-Healthy
30.93,85.35,677.84,101,41,82,2.27,Non-Healthy
21.96,76.16,379.5,94,41,98,5.38,Healthy
22.75,74.37,513.31,76,65,82,3.29,Healthy
26.4,87.28,337.01,106,101,72,5.87,Healthy
31.48,78.19,450.48,89,101,109,3.01,Non-Healthy
20.07,83.12,409.54,61,109,48,3.47,Healthy
21.6,79.82,475.36,116,91,104,4.17,Healthy
30.23,84.93,539.18,66,64,87,5.3,Non-Healthy
24.89,63.29,505.07,110,76,132,6.0,Healthy
30.59,73.22,562.02,116,80,95,3.06,Non-Healthy
20.6,65.85,204.86,105,86,128,4.66,Non-Healthy
25.46,68.47,174.54,99,76,60,3.71,Non-Healthy
22.57,67.03,316.56,66,67,51,5.3,Healthy
22.43,77.62,399.46,85,59,41,5.37,Healthy
24.26,60.66,250.15,72,105,129,2.71,Healthy
24.06,93.74,568.47,61,79,95,5.95,Healthy
23.0,78.16,537.34,97,70,77,3.84,Healthy
30.81,61.84,649.88,116,78,72,6.55,Non-Healthy
28.24,83.87,542.8,89,89,89,6.07,Healthy
28.19,69.41,182.14,86,43,115,3.41,Healthy
22.06,63.74,505.7,119,42,109,6.98,Healthy
26.09,89.06,358.99,90,77,56,6.34,Healthy
28.91,66.93,270.58,73,44,80,3.97,Healthy
29.14,63.67,469.13,107,81,52,6.53,Healthy
22.82,61.99,295.27,75,108,127,5.82,Healthy
28.79,85.5,427.9,110,69,129,2.51,Non-Healthy
28.3,82.93,454.07,84,101,80,4.17,Healthy
19.98,60.29,426.86,92,68,105,3.45,Healthy
30.12,67.75,126.2,105,59,129,5.0,Non-Healthy
24.18,84.66,322.27,110,49,62,5.84,Healthy
24.81,65.32,578.47,66,92,105,6.75,Healthy
24.28,80.19,321.2,82,78,95,2.49,Healthy
25.95,67.46,415.44,78,76,117,6.02,Healthy
26.7,75.72,321.05,106,67,61,3.39,Healthy
24.97,90.36,235.56,76,86,75,4.71,Non-Healthy
30.14,70.59,235.86,119,72,98,3.62,Non-Healthy
26.79,84.01,554.34,116,108,136,6.03,Healthy
23.62,75.34,484.21,70,42,55,6.87,Healthy
23.83,63.37,660.59,76,75,111,3.95,Healthy
29.35,72.62,364.18,104,57,95,3.02,Healthy
22.87,89.44,489.21,107,50,49,2.73,Healthy
20.96,94.06,391.75,95,103,113,2.97,Non-Healthy
18.83,89.58,394.88,118,77,65,6.73,Healthy
30.26,65.68,615.37,82,71,131,2.77,Non-Healthy
30.86,72.09,383.5,69,86,93,2.43,Non-Healthy
19.68,89.09,658.34,69,90,128,5.96,Non-Healthy
22.68,79.39,479.89,115,75,138,2.49,Healthy
20.46,87.17,169.55,100,108,85,4.04,Non-Healthy
19.62,87.22,159.43,111,41,64,5.14,Non-Healthy
30.6,62.49,689.74,81,40,119,4.79,Non-Healthy
18.8,71.98,351.63,117,46,42,3.58,Healthy
31.73,76.77,460.73,106,82,84,5.67,Healthy
19.35,93.08,370.32,90,80,44,6.23,Healthy
30.09,91.44,212.16,94,69,47,4.29,Non-Healthy
25.93,74.81,192.82,84,95,65,4.74,Non-Healthy
23.15,63.35,243.36,65,41,118,5.18,Healthy
22.79,74.16,471.1,98,60,69,4.31,Healthy
28.6,78.76,436.99,89,43,125,2.92,Healthy
22.4,91.65,310.58,103,79,116,3.9,Non-Healthy
27.2,70.32,145.62,90,53,58,3.15,Healthy
25.24,70.81,307.94,69,61,51,2.2,Healthy
24.79,81.95,351.02,67,80,51,5.43,Healthy
30.62,77.68,558.73,71,49,41,4.27,Healthy
25.77,66.86,547.74,86,67,119,2.93,Healthy
29.58,65.07,248.42,96,75,56,3.0,Non-Healthy
28.16,77.13,252.05,104,56,67,4.48,Healthy
18.54,87.28,484.17,115,77,117,6.85,Healthy
28.82,87.26,498.03,98,107,79,5.26,Non-Healthy
21.04,94.15,445.44,114,98,71,4.38,Non-Healthy
30.64,73.4,184.94,76,48,113,4.86,Non-Healthy
18.6,73.72,285.72,61,86,79,4.79,Healthy
22.66,60.06,138.39,110,90,121,6.39,Healthy
19.4,89.05,561.72,97,51,86,2.55,Healthy
24.66,82.63,587.77,63,68,112,6.76,Healthy
29.48,86.95,653.88,109,61,76,3.36,Non-Healthy
22.17,76.47,170.99,102,76,74,3.15,Non-Healthy
20.11,92.21,645.6,83,80,83,5.75,Non-Healthy
22.62,61.02,652.69,95,73,47,6.03,Healthy
29.39,64.03,698.67,113,100,75,2.74,Non-Healthy
19.97,73.16,571.18,101,102,65,4.47,Healthy
21.18,62.98,272.33,85,43,51,6.36,Healthy
18.96,63.08,273.44,72,76,74,6.72,Healthy
27.88,79.84,519.17,110,61,63,4.5,Healthy
23.53,67.56,514.24,89,103,100,4.94,Healthy
22.35,81.93,502.99,78,97,57,3.95,Healthy
28.06,92.53,324.81,67,43,89,3.43,Healthy
22.7,88.84,421.48,72,87,92,2.8,Non-Healthy
28.19,68.7,294.87,92,87,125,2.46,Healthy
29.41,63.14,466.14,68,63,130,2.18,Non-Healthy
21.05,93.26,567.99,87,98,115,2.23,Non-Healthy
31.63,94.81,525.24,108,82,74,4.56,Non-Healthy
20.27,73.11,370.85,118,86,42,2.62,Healthy
22.07,76.12,424.34,89,108,113,2.88,Healthy
20.52,65.09,568.0,76,46,76,6.88,Healthy
22.84,84.86,255.05,83,89,41,2.9,Healthy
24.72,74.76,248.35,110,107,98,2.32,Non-Healthy
25.31,88.11,401.29,90,43,103,5.19,Healthy
29.95,80.21,406.6,115,102,95,4.22,Non-Healthy
30.45,61.5,133.61,73,61,101,3.34,Non-Healthy
21.08,71.72,457.53,109,46,113,6.32,Healthy
26.72,88.3,362.29,68,81,83,6.46,Healthy
19.56,84.08,454.3,97,40,115,4.63,Healthy
24.43,82.14,650.6,76,45,60,6.44,Healthy
22.51,83.54,313.21,110,90,45,5.45,Healthy
22.43,81.18,182.54,100,69,76,6.04,Healthy
24.76,82.44,239.78,90,107,96,4.45,Non-Healthy
28.22,81.71,297.79,93,96,123,2.61,Healthy
18.97,78.67,620.81,95,59,94,2.4,Healthy
30.31,86.52,438.46,103,42,111,3.73,Non-Healthy
28.29,72.93,697.15,76,58,90,6.54,Healthy
20.47,76.63,285.32,103,90,98,3.22,Healthy
31.15,74.05,159.86,103,83,75,3.87,Non-Healthy
25.09,67.32,294.69,87,102,46,5.99,Healthy
32.0,71.27,695.71,94,40,73,3.56,Non-Healthy
20.76,61.93,551.0,72,50,128,2.31,Healthy
25.49,71.39,650.74,69,87,43,5.55,Healthy
22.06,73.67,465.01,97,56,129,3.36,Healthy
22.26,63.27,279.71,71,83,57,3.98,Healthy
26.27,67.72,673.57,92,52,87,4.59,Healthy
30.9,68.73,252.91,62,50,116,3.88,Healthy
29.27,67.96,350.33,89,105,89,4.91,Non-Healthy
28.14,72.26,290.16,98,45,93,4.34,Healthy
25.83,65.07,493.21,86,79,51,2.92,Healthy
30.91,85.6,362.45,76,48,48,3.15,Non-Healthy
24.89,71.99,675.12,67,80,133,6.51,Healthy
30.23,64.28,681.1,101,55,89,5.02,Non-Healthy
29.68,80.78,176.21,86,41,64,4.9,Non-Healthy
20.99,66.29,658.43,69,78,68,3.4,Non-Healthy
28.8,62.03,582.84,71,73,72,3.88,Healthy
18.17,65.72,533.16,63,87,123,5.08,Healthy
22.52,74.7,330.42,67,102,86,4.07,Healthy
21.21,84.27,514.14,113,95,112,2.02,Healthy
25.1,82.45,590.19,95,83,129,6.18,Healthy
28.32,60.18,601.65,119,70,56,3.75,Non-Healthy
19.37,87.77,587.35,61,83,116,4.87,Non-Healthy
25.21,71.75,305.61,107,69,75,3.51,Healthy
31.14,83.79,227.31,88,46,96,2.02,Non-Healthy
21.2,61.14,435.39,87,59,75,6.11,Healthy
27.48,73.78,267.45,79,62,69,2.98,Healthy
26.3,60.69,575.29,112,62,118,4.34,Healthy
18.14,88.57,145.91,112,80,117,3.88,Non-Healthy
24.66,66.54,366.74,87,108,50,5.02,Healthy
27.92,83.61,571.58,114,54,56,4.55,Healthy
18.62,69.7,166.72,68,76,43,3.84,Non-Healthy
30.31,64.74,518.45,104,53,61,2.37,Healthy
25.28,92.56,254.02,73,50,70,2.09,Healthy
18.43,80.83,193.89,62,82,67,2.06,Non-Healthy
21.14,91.17,298.57,117,82,50,4.65,Non-Healthy
31.35,70.73,131.22,119,108,95,4.71,Non-Healthy
26.15,89.04,485.41,113,40,136,2.6,Healthy
19.5,92.96,313.09,90,100,49,5.08,Non-Healthy
22.03,73.83,696.35,103,85,130,4.36,Non-Healthy
24.39,91.64,176.75,86,50,133,5.22,Non-Healthy
18.29,71.73,639.03,116,45,91,6.0,Healthy
23.76,71.36,408.82,65,61,60,2.53,Healthy
24.85,94.85,188.27,99,97,68,3.13,Non-Healthy
21.41,93.33,616.55,108,40,86,3.1,Non-Healthy
26.24,68.0,184.41,88,95,64,4.39,Healthy
28.55,89.3,494.6,85,102,72,4.0,Non-Healthy
21.3,71.99,262.23,79,97,51,6.29,Healthy
26.69,94.27,380.49,63,82,103,2.73,Non-Healthy
26.95,89.74,452.35,94,99,108,4.43,Non-Healthy
31.28,91.67,653.41,97,80,51,5.05,Non-Healthy
28.9,80.08,285.02,79,41,67,2.1,Healthy
29.88,70.3,344.86,73,92,80,6.0,Healthy
24.87,66.91,235.77,110,76,53,4.49,Non-Healthy
20.59,78.48,319.3,105,64,98,3.26,Healthy
31.94,83.5,192.97,80,83,40,5.24,Non-Healthy
19.81,85.96,437.89,89,82,76,5.56,Healthy
24.6,65.96,444.35,81,52,76,3.91,Healthy
18.95,78.76,481.56,92,79,115,3.26,Non-Healthy
31.21,75.26,253.6,110,81,61,6.77,Healthy
31.51,67.29,370.77,60,104,116,4.42,Healthy
28.07,79.35,144.03,63,71,133,4.72,Non-Healthy
22.9,69.66,143.35,85,106,94,3.29,Non-Healthy
21.56,78.73,299.49,119,77,128,4.42,Healthy
21.71,67.0,403.7,116,86,50,3.44,Healthy
19.78,91.5,521.92,76,56,63,5.22,Healthy
25.36,71.83,560.03,95,103,42,5.59,Healthy
19.99,81.36,353.03,109,66,135,6.08,Healthy
22.43,64.27,558.25,63,61,132,3.27,Healthy
26.77,82.05,542.01,63,104,99,2.05,Healthy
28.19,69.52,486.84,68,79,76,4.39,Healthy
18.34,93.48,202.15,113,42,84,6.01,Healthy
24.02,73.8,286.6,92,77,84,3.36,Healthy
27.13,81.26,429.65,102,57,126,6.18,Healthy
29.95,67.55,592.08,116,44,108,6.06,Healthy
24.65,90.15,353.92,75,80,112,2.3,Non-Healthy
31.57,88.15,680.9,77,42,46,2.92,Non-Healthy
21.72,68.6,505.93,83,68,118,3.11,Healthy
18.19,91.89,301.57,95,40,60,6.16,Healthy
24.77,61.41,445.63,116,91,96,3.6,Healthy
21.59,86.34,337.54,117,109,106,4.15,Non-Healthy
29.53,76.03,648.95,77,91,123,5.08,Non-Healthy
21.26,89.24,148.04,87,84,85,5.15,Non-Healthy
22.35,76.29,252.77,118,71,108,2.35,Healthy
29.08,62.3,176.01,80,88,110,4.26,Non-Healthy
28.01,67.93,587.26,86,98,96,6.68,Healthy
25.81,94.8,230.83,113,65,124,4.6,Non-Healthy
27.87,71.7,550.85,74,90,96,2.96,Healthy
23.86,65.61,445.73,90,63,73,4.08,Healthy
18.07,88.2,601.53,109,46,65,2.58,Non-Healthy
18.16,61.58,697.07,103,82,40,6.46,Healthy
25.16,62.32,209.46,82,87,49,2.2,Non-Healthy
19.17,70.41,207.24,61,52,130,5.59,Healthy
18.72,61.66,489.01,117,95,125,2.93,Healthy
31.52,94.85,141.06,89,81,117,3.06,Non-Healthy
30.03,84.19,594.1,105,92,120,5.41,Non-Healthy
20.13,78.19,338.45,114,82,65,6.5,Healthy
18.01,88.18,351.38,87,67,50,2.46,Non-Healthy
31.18,83.19,451.79,97,84,99,2.96,Non-Healthy
21.9,66.06,318.42,68,102,103,4.24,Healthy
20.6,67.69,294.14,89,72,45,3.34,Healthy
27.68,90.37,238.88,95,41,50,3.91,Non-Healthy
19.52,71.79,536.92,102,59,68,6.36,Healthy
21.71,75.67,565.8,86,60,58,5.21,Healthy
31.65,73.69,472.7,102,102,102,2.84,Non-Healthy
26.95,61.82,256.9,101,40,61,5.31,Healthy
25.29,84.66,522.96,76,95,98,6.14,Healthy
23.57,78.9,211.56,83,57,87,6.93,Healthy
28.84,83.66,629.4,75,59,119,2.35,Healthy
19.97,69.74,378.87,117,109,106,5.53,Healthy
31.54,74.24,396.0,75,68,113,5.48,Non-Healthy
30.06,66.74,238.41,99,98,97,4.58,Non-Healthy
26.65,74.69,477.0,80,69,59,6.81,Healthy
18.6,82.87,691.33,103,85,97,5.91,Healthy
27.81,93.06,461.68,107,95,90,2.29,Non-Healthy
30.79,83.22,498.36,101,66,69,6.02,Non-Healthy
25.34,78.38,287.32,104,80,47,4.69,Healthy
22.96,74.57,308.99,70,66,51,4.17,Healthy
19.68,63.69,233.89,114,104,127,4.23,Non-Healthy
28.57,76.7,418.47,71,65,112,4.02,Healthy
30.39,65.43,205.83,103,70,63,4.31,Non-Healthy
19.4,80.38,478.72,74,107,108,4.28,Healthy
28.63,85.56,389.88,85,108,40,2.45,Non-Healthy
18.24,93.13,482.1,71,45,66,2.35,Healthy
31.54,70.39,161.02,73,86,124,4.12,Non-Healthy
26.61,73.89,632.75,117,74,104,5.92,Healthy
25.73,66.4,339.58,111,100,121,2.46,Healthy
22.14,90.73,240.02,64,100,135,3.71,Non-Healthy
31.01,88.84,410.45,94,102,92,5.66,Non-Healthy
21.72,87.12,659.3,62,52,109,2.39,Non-Healthy
29.59,62.01,522.69,81,75,47,2.67,Non-Healthy
31.79,79.49,317.25,104,97,77,4.62,Non-Healthy
28.97,68.23,296.23,112,48,60,6.4,Healthy
25.27,64.19,503.55,106,69,124,6.44,Healthy
18.93,87.36,171.51,78,94,70,4.86,Non-Healthy
24.61,67.41,331.94,111,44,55,6.47,Healthy
24.14,77.53,397.63,87,82,78,6.03,Healthy
20.84,78.41,561.1,69,88,68,4.2,Healthy
23.93,67.46,308.8,109,51,89,6.21,Healthy
23.01,77.23,579.45,81,95,125,4.11,Healthy
20.29,61.85,573.96,117,94,129,6.88,Healthy
24.18,60.0,131.29,91,54,55,5.46,Healthy
21.68,90.81,230.44,79,40,88,6.05,Healthy
25.31,74.55,498.97,89,60,139,4.93,Healthy
18.49,91.76,407.7,117,96,52,4.37,Non-Healthy
30.69,77.37,136.03,81,69,63,2.91,Non-Healthy
29.43,75.09,328.6,83,62,77,3.25,Non-Healthy
25.74,70.36,482.95,98,41,115,2.77,Healthy
29.93,62.86,695.18,78,87,121,6.53,Healthy
31.47,70.84,239.99,73,102,128,4.76,Non-Healthy
19.55,81.3,208.58,68,75,52,3.61,Non-Healthy
26.83,86.7,331.33,62,66,82,3.41,Healthy
31.97,78.93,439.53,92,93,100,3.0,Non-Healthy
31.83,86.54,505.41,64,81,67,5.01,Non-Healthy
26.45,65.52,329.27,65,52,136,3.26,Healthy
19.79,80.41,252.5,99,108,46,6.55,Healthy
26.16,90.89,123.03,102,43,98,6.02,Healthy
18.03,67.63,226.4,75,83,85,5.02,Non-Healthy
20.78,67.97,178.04,110,66,62,2.86,Non-Healthy
31.39,86.2,260.42,107,104,52,2.61,Non-Healthy
22.63,88.42,307.09,94,47,125,2.52,Healthy
26.94,68.68,165.67,70,104,40,2.62,Healthy
21.93,71.6,355.39,102,44,68,2.14,Healthy
31.27,82.11,217.22,62,87,83,6.25,Non-Healthy
28.2,73.95,457.19,108,93,139,5.83,Healthy
22.62,81.84,339.17,85,54,105,3.38,Healthy
29.08,77.38,491.0,94,104,57,5.53,Healthy
19.51,87.08,570.17,62,87,65,2.16,Non-Healthy
23.49,89.61,169.13,71,80,55,2.08,Non-Healthy
21.1,90.23,341.84,95,67,117,5.68,Healthy
27.57,81.4,687.11,103,93,61,5.87,Healthy
19.43,81.44,121.34,60,96,42,2.1,Non-Healthy
23.56,75.74,386.17,119,62,54,3.39,Healthy
21.87,60.97,391.97,100,65,60,5.34,Healthy
25.09,70.47,597.76,99,67,63,5.14,Healthy
22.9,62.23,288.33,108,109,74,5.83,Healthy
27.89,75.32,570.1,64,59,112,5.34,Healthy
18.34,89.73,121.28,93,69,62,2.55,Non-Healthy
26.88,80.89,404.64,69,58,47,2.74,Healthy
21.23,83.64,305.21,66,62,92,6.77,Healthy
21.76,66.58,588.73,117,109,103,5.58,Healthy
29.2,69.17,353.71,86,59,41,3.1,Healthy
31.38,65.71,160.53,63,84,112,2.42,Non-Healthy
22.43,89.49,530.86,94,78,68,4.28,Non-Healthy
29.58,69.81,127.67,72,94,131,2.29,Non-Healthy
19.46,79.68,313.96,92,69,138,2.47,Healthy
26.88,64.94,409.03,95,46,69,6.86,Healthy
28.51,64.34,550.21,95,50,98,2.4,Healthy
20.18,72.17,301.58,84,86,134,2.47,Healthy
23.96,71.56,180.38,111,61,49,5.49,Non-Healthy
30.5,71.51,598.65,117,69,100,3.8,Non-Healthy
19.45,81.03,125.7,78,74,120,3.58,Non-Healthy
18.25,71.06,626.42,95,68,69,6.77,Healthy
26.27,86.91,181.77,101,41,88,3.0,Non-Healthy
24.1,63.17,192.91,99,88,129,5.16,Non-Healthy
29.18,71.37,216.41,98,97,137,6.91,Healthy
30.93,83.42,206.04,83,79,105,2.62,Non-Healthy
22.19,81.1,580.97,88,101,73,2.1,Healthy
23.44,64.18,590.37,116,44,122,3.27,Healthy
24.81,75.38,218.29,119,106,68,6.75,Healthy
26.23,70.82,185.26,118,84,88,2.16,Non-Healthy
31.77,82.12,452.04,70,83,93,6.9,Healthy
27.76,64.55,525.83,98,44,122,4.68,Healthy
23.45,83.47,444.24,112,84,110,5.33,Healthy
21.69,76.23,136.06,66,91,75,3.09,Non-Healthy
31.22,69.62,564.33,113,55,49,6.6,Healthy
19.9,86.16,534.23,109,103,64,6.99,Healthy
28.08,66.58,536.01,63,89,42,2.79,Healthy
30.96,65.33,240.18,84,102,67,5.1,Non-Healthy
27.31,60.54,160.76,71,52,102,3.47,Healthy
23.92,90.15,698.42,88,80,106,2.34,Non-Healthy
20.79,77.23,397.12,112,56,119,3.68,Healthy
23.14,78.09,541.22,89,86,42,3.44,Healthy
27.9,64.02,175.92,90,84,115,6.92,Healthy
27.09,63.77,412.86,72,87,67,4.04,Healthy
30.99,71.68,412.38,111,61,139,4.08,Non-Healthy
30.14,78.07,191.26,83,74,55,3.64,Non-Healthy
29.43,84.53,323.93,98,80,76,6.57,Healthy
30.76,77.47,637.05,91,69,127,4.57,Non-Healthy
21.87,89.1,520.32,61,47,53,4.52,Healthy
23.17,73.21,544.37,100,106,90,6.87,Healthy
23.32,60.98,629.41,116,50,113,2.29,Healthy
25.85,74.92,299.97,119,65,99,3.44,Healthy
27.36,62.98,578.17,115,80,59,2.55,Healthy
22.01,71.27,175.99,113,46,126,2.6,Non-Healthy
18.27,94.48,454.98,111,56,76,5.96,Healthy
23.59,90.01,429.81,89,51,100,4.74,Healthy
22.32,68.28,370.09,108,85,55,2.4,Healthy
31.19,73.16,241.32,99,64,81,2.69,Non-Healthy
30.44,75.09,367.97,102,62,99,6.82,Healthy
30.04,86.74,609.68,117,99,134,2.24,Non-Healthy
27.14,61.17,543.81,95,107,53,4.93,Healthy
22.82,61.35,375.55,101,85,108,3.24,Healthy
25.68,64.1,681.2,97,47,106,4.37,Healthy
29.41,81.99,575.47,89,42,62,4.44,Healthy
19.38,74.51,145.67,85,69,126,5.19,Healthy
29.22,89.71,555.43,97,89,115,4.88,Non-Healthy
18.58,69.94,536.75,113,69,126,6.97,Healthy
29.43,77.12,148.55,106,42,133,2.62,Non-Healthy
29.31,84.74,657.4,112,46,76,6.33,Healthy
18.71,79.08,390.88,88,102,138,2.9,Healthy
26.78,71.09,258.69,86,92,136,5.48,Healthy
25.03,65.34,379.97,95,41,136,2.96,Healthy
20.38,78.92,603.59,98,83,64,5.48,Non-Healthy
20.08,64.98,265.29,111,101,96,3.21,Healthy
28.83,92.88,650.17,60,86,66,2.84,Non-Healthy
25.95,78.9,157.55,86,109,63,4.27,Non-Healthy
31.76,66.12,171.83,106,71,122,4.72,Non-Healthy
31.75,85.22,467.61,107,74,107,2.44,Non-Healthy
31.9,63.62,415.68,106,104,128,2.41,Non-Healthy
19.66,87.01,509.47,113,52,122,6.23,Healthy
31.14,76.01,145.2,64,84,65,3.25,Non-Healthy
21.42,64.64,270.94,90,54,71,5.39,Healthy
24.41,61.3,527.82,72,69,96,6.18,Healthy
28.6,94.77,319.75,70,94,81,4.85,Non-Healthy
20.85,69.6,296.7,60,69,52,4.35,Healthy
25.93,93.33,595.47,105,41,90,6.29,Healthy
20.6,77.56,581.72,79,67,71,4.85,Healthy
19.47,77.61,552.09,109,83,72,4.48,Healthy
19.63,63.19,484.02,116,69,87,4.54,Healthy
23.01,93.27,673.55,60,52,48,5.86,Healthy
18.07,85.65,132.21,113,73,47,5.33,Non-Healthy
23.95,78.16,208.53,92,103,66,6.67,Healthy
27.3,64.21,386.74,79,89,118,2.16,Healthy
23.62,66.15,282.8,98,52,134,4.29,Healthy
19.2,75.13,290.15,113,46,80,6.4,Healthy
18.88,72.68,688.57,99,70,86,5.03,Non-Healthy
21.89,79.53,145.65,83,109,50,6.4,Healthy
20.37,62.67,135.02,106,69,115,2.45,Non-Healthy
31.51,61.41,662.38,118,66,112,3.42,Non-Healthy
20.12,77.89,212.85,76,100,87,6.14,Healthy
29.28,61.0,144.93,112,69,57,5.94,Non-Healthy
26.21,62.08,385.96,110,58,73,4.93,Healthy
25.97,73.17,631.5,108,60,75,3.94,Healthy
25.17,62.16,297.52,86,72,72,4.69,Healthy
31.6,73.49,660.71,68,103,89,5.16,Non-Healthy
23.09,68.46,621.86,88,64,50,3.16,Non-Healthy
29.03,66.57,282.64,82,43,118,5.66,Healthy
25.77,74.16,372.55,99,45,44,3.29,Healthy
23.54,64.2,655.77,94,53,104,6.88,Healthy
31.38,72.24,191.51,114,109,77,5.44,Non-Healthy
26.38,75.22,155.9,75,57,74,3.77,Healthy
19.66,89.05,229.46,67,88,93,4.39,Non-Healthy
23.85,92.65,250.86,61,44,124,2.19,Healthy
28.94,70.79,224.05,88,57,109,4.22,Healthy
27.71,70.24,138.39,118,73,55,4.72,Non-Healthy
30.83,79.83,536.24,62,64,53,5.58,Healthy
21.63,64.81,213.93,68,77,110,5.69,Healthy
28.61,72.24,384.13,117,71,86,4.7,Healthy
24.44,61.86,189.83,107,92,107,4.22,Non-Healthy
26.03,73.27,332.0,87,58,84,5.58,Healthy
31.37,64.0,350.53,79,68,91,6.16,Healthy
31.71,79.66,649.53,96,41,53,5.91,Healthy
30.06,82.46,529.08,78,70,53,6.63,Healthy
23.03,94.55,645.56,98,92,47,2.28,Non-Healthy
30.43,66.83,403.68,95,103,130,2.48,Healthy
26.94,67.25,218.22,107,77,90,6.52,Healthy
24.02,93.16,357.59,108,78,136,5.93,Healthy
18.5,90.26,464.33,102,70,66,2.13,Non-Healthy
28.78,81.56,433.92,116,82,116,3.6,Healthy
25.03,89.45,639.86,67,50,87,3.91,Non-Healthy
29.01,67.34,463.58,114,86,101,3.92,Non-Healthy
28.47,90.59,268.85,108,93,63,3.37,Non-Healthy
29.11,90.36,672.5,105,56,42,6.69,Non-Healthy
22.21,68.68,220.88,108,98,91,5.55,Healthy
29.21,77.79,396.33,96,60,123,5.2,Healthy
25.68,92.54,634.84,114,86,123,5.81,Non-Healthy
24.63,83.77,531.75,91,52,131,5.78,Healthy
27.45,83.12,430.52,64,44,49,3.85,Healthy
18.3,79.59,518.94,65,57,76,3.24,Healthy
19.43,69.41,373.92,67,59,122,4.61,Healthy
22.09,94.24,350.15,83,86,72,5.61,Healthy
31.76,75.66,484.15,112,59,57,4.21,Healthy
19.96,70.9,547.46,88,49,45,6.71,Healthy
22.63,85.5,663.73,117,48,70,5.47,Non-Healthy
18.71,81.27,605.2,62,60,70,4.52,Healthy
22.64,71.98,677.2,64,86,93,2.24,Non-Healthy
22.48,70.63,187.21,64,46,41,4.85,Healthy
31.26,67.51,693.89,86,71,100,6.1,Non-Healthy
29.83,62.75,236.18,73,97,113,4.34,Non-Healthy
23.36,81.9,166.92,86,59,138,5.88,Healthy
18.35,77.7,500.95,104,60,52,5.35,Healthy
29.63,68.22,510.62,61,100,97,4.06,Non-Healthy
27.25,61.93,684.82,82,53,94,6.08,Healthy
20.13,60.66,567.19,114,88,112,4.94,Healthy
31.94,85.85,347.74,118,107,78,5.22,Non-Healthy
19.4,66.59,468.06,106,46,95,5.69,Healthy
30.14,69.33,473.48,68,51,102,6.07,Healthy
22.12,60.49,563.94,65,87,130,5.91,Healthy
24.09,65.27,457.04,64,55,100,2.61,Healthy
29.14,90.61,344.14,72,77,51,3.35,Non-Healthy
27.49,68.47,515.25,78,90,89,3.12,Non-Healthy
31.13,93.39,259.26,106,68,108,2.92,Non-Healthy
26.7,65.75,322.74,93,73,45,3.31,Healthy
19.37,68.86,161.55,62,85,85,4.79,Non-Healthy
30.38,90.37,593.41,89,109,73,4.75,Non-Healthy
28.77,74.93,161.18,107,106,128,3.99,Non-Healthy
27.97,69.37,293.3,85,103,116,6.54,Healthy
18.75,84.25,656.87,94,72,133,2.31,Non-Healthy
23.55,61.79,444.46,118,63,104,2.61,Healthy
20.34,91.17,246.37,81,54,131,4.7,Non-Healthy
29.51,89.45,695.87,68,109,109,5.46,Non-Healthy
27.81,63.0,630.82,77,91,85,3.17,Non-Healthy
30.36,87.95,159.54,86,79,122,4.48,Non-Healthy
31.53,93.64,253.57,116,49,90,5.71,Healthy
28.85,77.22,492.51,96,74,74,5.86,Healthy
31.92,79.89,235.31,103,91,103,4.96,Non-Healthy
26.61,83.79,431.56,89,103,57,3.95,Healthy
18.52,69.34,216.2,71,97,53,3.87,Non-Healthy
18.2,82.74,510.17,92,67,125,6.84,Healthy
22.79,76.62,428.12,83,97,114,3.08,Healthy
29.53,74.19,682.27,79,77,107,2.84,Non-Healthy
30.13,91.6,197.61,60,87,57,3.38,Non-Healthy
31.45,87.93,427.82,81,102,90,5.76,Non-Healthy
18.91,92.71,300.8,88,84,139,6.65,Healthy
18.62,89.28,475.36,93,59,116,2.67,Healthy
30.79,61.46,237.89,114,44,88,3.74,Non-Healthy
22.27,81.23,656.73,103,48,106,5.8,Healthy
25.81,84.42,373.99,78,88,57,5.36,Healthy
31.75,83.27,370.43,60,87,68,4.82,Non-Healthy
23.61,69.52,576.07,98,80,56,6.34,Healthy
27.32,74.9,646.36,78,50,44,2.94,Healthy
23.61,61.37,406.5,110,74,72,2.42,Healthy
28.75,63.29,567.35,86,98,89,6.28,Healthy
25.39,79.62,203.49,73,94,121,5.62,Healthy
21.33,80.38,266.4,111,85,111,5.6,Healthy
21.8,67.04,521.93,63,52,58,4.62,Healthy
21.61,75.69,657.51,61,102,96,6.17,Healthy
25.45,76.52,187.98,99,42,110,3.29,Healthy
27.84,60.4,197.94,83,70,106,2.64,Non-Healthy
31.29,64.99,685.63,104,87,96,5.5,Non-Healthy
27.72,81.85,172.92,91,54,122,3.04,Healthy
28.94,94.75,144.88,67,44,96,5.29,Non-Healthy
20.36,82.76,428.42,90,69,56,2.74,Healthy
23.24,64.21,250.16,114,91,63,6.27,Healthy
23.79,88.75,292.62,88,56,65,2.36,Healthy
27.61,75.1,478.38,114,45,94,4.7,Healthy
22.14,62.93,323.72,108,101,84,5.54,Healthy
22.25,80.99,697.48,68,69,127,5.98,Healthy
22.98,67.98,252.37,86,49,123,5.21,Healthy
29.34,74.59,621.86,65,44,84,4.47,Non-Healthy
26.09,71.14,627.63,65,54,71,3.1,Healthy
19.05,82.5,373.8,113,72,134,6.22,Healthy
19.1,75.09,698.46,95,64,105,5.74,Healthy
23.2,63.64,284.02,86,75,137,2.85,Healthy
28.73,67.55,172.82,111,88,64,6.8,Healthy
27.64,77.52,448.97,112,56,126,2.59,Healthy
27.91,87.62,124.33,97,51,73,5.43,Non-Healthy
28.74,60.34,395.01,76,92,123,6.04,Healthy
22.02,81.43,605.35,117,94,70,5.84,Healthy
25.68,64.06,363.43,113,96,130,3.92,Healthy
25.61,81.14,238.32,95,62,74,5.68,Healthy
28.35,89.29,268.28,100,80,124,4.31,Non-Healthy
31.4,68.0,650.01,72,56,121,5.08,Healthy
21.89,77.34,504.08,88,52,56,3.18,Healthy
29.11,87.09,213.56,65,79,87,5.23,Non-Healthy
27.24,66.15,388.65,62,62,98,3.35,Healthy
26.12,65.34,476.46,110,103,131,2.73,Healthy
28.85,91.68,412.98,80,107,129,3.85,Non-Healthy
31.22,84.31,575.35,116,92,74,5.44,Non-Healthy
18.51,85.78,123.65,74,57,139,2.38,Non-Healthy
20.06,89.54,283.02,77,62,46,4.71,Non-Healthy
28.59,78.88,453.26,86,86,70,6.14,Healthy
19.17,77.09,432.56,112,71,96,6.01,Healthy
25.23,79.47,180.37,64,89,121,6.26,Healthy
21.08,85.1,221.63,106,69,117,2.46,Non-Healthy
21.84,73.68,556.72,68,49,88,3.19,Healthy
27.83,63.33,430.18,68,92,92,6.42,Healthy
18.42,64.75,491.18,79,41,42,6.56,Healthy
30.23,94.09,593.72,75,61,66,3.4,Non-Healthy
24.22,61.81,458.62,79,73,95,4.65,Healthy
25.03,84.91,302.09,110,51,64,2.24,Healthy
25.56,93.03,423.49,114,109,68,6.8,Healthy
27.04,64.52,195.63,78,82,112,2.6,Non-Healthy
22.83,85.28,277.8,85,91,116,5.53,Healthy
19.42,70.59,499.98,97,53,77,3.68,Healthy
22.46,68.29,143.84,74,78,109,3.48,Non-Healthy
20.35,89.84,120.49,84,87,41,4.33,Non-Healthy
25.79,91.83,634.5,65,54,80,3.37,Healthy
22.45,72.15,679.31,110,71,122,2.36,Non-Healthy
31.41,82.14,645.26,69,101,82,5.83,Non-Healthy
31.52,66.16,244.97,87,106,125,6.56,Non-Healthy
26.68,87.64,557.7,86,85,104,5.55,Healthy
26.64,90.84,384.75,75,82,120,5.36,Non-Healthy
31.8,71.15,161.15,95,62,81,3.54,Non-Healthy
30.42,82.85,581.09,73,67,79,5.58,Healthy
28.71,90.67,588.74,70,51,135,6.08,Healthy
22.39,60.54,538.75,71,94,128,3.55,Healthy
23.12,89.95,698.0,95,69,67,2.95,Non-Healthy
20.82,80.02,695.43,74,77,117,4.92,Non-Healthy
24.82,74.49,224.06,110,92,68,2.16,Non-Healthy
31.87,78.29,581.34,60,72,98,6.62,Non-Healthy
30.77,88.84,502.7,69,86,137,4.39,Non-Healthy
19.66,85.27,541.35,110,99,105,2.86,Non-Healthy
18.35,77.54,694.72,105,46,62,6.31,Healthy
30.58,77.07,605.24,61,65,117,4.51,Non-Healthy
25.52,91.47,347.08,64,71,54,3.68,Non-Healthy
20.8,68.13,663.73,85,53,129,2.15,Healthy
27.43,63.35,627.6,87,91,72,5.31,Non-Healthy
27.02,83.75,529.62,113,64,110,4.06,Healthy
19.71,84.58,663.44,113,98,57,5.8,Healthy
21.63,79.89,388.11,96,62,79,4.31,Healthy
18.84,69.19,533.69,79,68,44,3.97,Healthy
20.94,70.36,122.37,73,92,66,5.72,Healthy
19.85,81.6,449.78,84,65,134,2.55,Healthy
20.71,69.55,539.74,109,60,48,6.72,Healthy
27.6,77.49,342.15,107,107,54,4.01,Healthy
18.69,71.62,623.39,80,53,96,3.04,Healthy
19.43,77.87,401.34,60,40,130,5.62,Healthy
19.88,68.03,283.88,92,58,57,5.05,Healthy
22.43,66.93,438.68,100,81,124,4.22,Healthy
22.18,85.69,645.2,90,40,68,2.27,Non-Healthy
21.57,73.5,515.82,94,73,83,5.02,Healthy
28.51,68.14,671.05,97,70,43,4.77,Non-Healthy
31.97,90.04,379.62,96,43,104,6.44,Healthy
25.48,74.06,501.92,101,75,52,3.93,Healthy
31.22,64.06,484.47,106,66,123,4.92,Non-Healthy
23.55,84.78,258.69,96,84,102,4.45,Healthy
19.49,69.8,551.85,94,86,95,5.9,Healthy
23.72,79.78,159.44,76,43,103,2.84,Healthy
22.15,81.83,453.57,96,99,98,5.71,Healthy
24.91,93.69,223.25,115,104,124,5.41,Non-Healthy
27.2,66.69,229.24,65,41,49,4.92,Healthy
24.45,69.95,688.3,85,47,80,3.78,Healthy
31.09,92.63,343.02,116,71,89,5.25,Non-Healthy
30.39,85.14,421.37,109,107,107,4.49,Non-Healthy
27.83,75.73,505.77,61,94,135,6.49,Healthy
24.86,85.72,409.01,82,48,53,2.64,Healthy
19.84,74.47,541.01,83,40,127,6.44,Healthy
23.56,74.35,135.1,72,63,58,2.44,Non-Healthy
27.86,65.47,512.49,68,64,100,2.28,Healthy
21.99,78.27,308.15,117,77,111,4.97,Healthy
19.46,69.19,630.03,96,84,84,4.11,Non-Healthy
30.71,82.18,203.18,82,54,88,6.65,Healthy
27.93,73.95,137.77,102,101,83,2.02,Non-Healthy
26.61,89.88,155.35,109,71,126,5.12,Non-Healthy
29.09,87.0,422.87,88,49,95,4.6,Healthy
29.7,65.18,244.84,66,54,83,5.48,Non-Healthy
24.77,80.69,556.84,74,71,92,6.09,Healthy
30.34,84.98,152.21,107,69,93,2.28,Non-Healthy
30.83,78.01,256.2,111,90,62,6.28,Healthy
21.8,63.99,601.54,88,53,106,6.09,Healthy
26.51,77.61,146.47,113,59,94,5.51,Healthy
25.37,75.15,576.82,73,88,109,2.29,Healthy
25.53,71.4,184.82,94,70,119,5.03,Non-Healthy
31.13,80.39,608.8,113,55,47,5.25,Non-Healthy
22.27,71.37,574.74,66,80,137,6.13,Healthy
31.77,68.24,246.88,90,51,130,3.36,Non-Healthy
30.63,85.76,353.14,70,104,62,6.72,Non-Healthy
24.42,67.47,385.64,60,104,74,6.64,Healthy
29.44,88.19,348.39,116,79,132,3.97,Non-Healthy
28.77,94.27,242.4,67,98,44,3.85,Non-Healthy
27.49,75.44,251.17,62,87,95,6.08,Healthy
22.48,88.43,520.6,86,45,113,3.31,Healthy
20.75,65.89,207.9,76,108,120,2.26,Non-Healthy
27.4,87.91,283.55,97,80,100,3.22,Non-Healthy
29.8,93.69,156.55,62,66,66,6.08,Non-Healthy
18.23,78.1,246.5,105,58,77,6.45,Healthy
27.0,68.95,141.93,91,49,85,5.14,Healthy
24.2,65.63,525.04,112,97,108,3.32,Healthy
30.57,92.08,354.57,63,41,51,3.53,Non-Healthy
22.5,71.36,339.05,97,95,101,2.56,Healthy
24.64,77.4,401.67,61,86,58,2.75,Healthy
25.21,75.17,271.55,107,99,136,4.56,Healthy
19.97,75.23,328.99,97,83,127,6.11,Healthy
27.98,86.78,462.76,118,96,56,4.16,Non-Healthy
29.63,92.73,250.22,73,92,53,3.93,Non-Healthy
18.81,82.29,387.94,65,109,43,3.92,Healthy
22.08,93.5,453.46,78,67,52,2.54,Healthy
18.53,66.67,200.09,107,69,89,4.81,Non-Healthy
31.39,79.74,298.04,93,82,111,6.34,Healthy
27.34,83.99,440.28,83,65,132,3.92,Healthy
31.5,85.02,352.73,112,93,66,6.26,Non-Healthy
25.44,86.45,535.28,94,77,131,4.51,Non-Healthy
29.23,71.66,254.17,102,60,48,3.44,Healthy
23.24,90.88,393.02,61,95,69,4.43,Non-Healthy
22.95,64.61,596.21,110,105,97,6.38,Healthy
23.3,69.75,202.81,107,54,99,2.88,Healthy
27.21,76.4,639.06,90,70,88,3.57,Non-Healthy
23.03,80.72,379.4,80,108,55,5.83,Healthy
30.61,70.33,398.31,84,96,137,2.6,Non-Healthy
31.77,91.77,488.83,75,61,46,6.82,Non-Healthy
18.43,75.81,434.26,60,109,111,5.38,Non-Healthy
20.71,63.51,597.49,79,101,111,2.58,Healthy
19.57,88.67,228.25,64,90,76,6.54,Non-Healthy
18.59,93.79,195.34,68,72,60,5.09,Non-Healthy
21.19,72.12,272.82,62,90,80,6.62,Healthy
24.26,79.41,698.73,87,105,88,6.29,Healthy
29.72,80.41,177.34,61,73,124,6.8,Non-Healthy
21.11,88.06,427.66,95,102,73,5.62,Healthy
24.92,65.31,568.56,88,65,75,2.74,Healthy
31.01,89.44,602.91,104,101,126,4.74,Non-Healthy
27.34,85.26,675.31,99,61,98,2.84,Non-Healthy
29.17,61.22,697.2,76,94,53,2.34,Non-Healthy
25.71,79.84,440.31,99,81,86,2.22,Healthy
31.73,60.98,259.66,113,74,107,4.15,Healthy
26.24,77.38,421.54,102,59,114,4.73,Healthy
18.64,80.98,546.9,109,86,72,4.26,Healthy
20.77,82.22,396.47,65,67,40,6.99,Healthy
23.67,92.44,277.94,61,52,48,6.31,Healthy
26.42,70.4,596.81,102,76,102,3.42,Healthy
28.81,89.56,600.89,89,109,75,2.68,Non-Healthy
23.78,75.83,439.38,75,75,106,6.46,Healthy
27.94,83.34,468.9,110,45,50,3.41,Healthy
29.06,88.28,417.85,89,70,88,3.02,Non-Healthy
22.44,85.34,573.64,86,105,71,2.91,Non-Healthy
31.71,87.84,634.51,94,43,85,2.51,Non-Healthy
27.1,82.26,121.17,112,90,123,2.15,Non-Healthy
30.33,88.03,684.7,110,94,102,4.07,Non-Healthy
25.78,91.82,319.59,81,73,123,6.43,Healthy
28.38,91.65,351.49,80,83,139,6.86,Healthy
28.79,71.48,333.26,115,57,46,6.86,Healthy
30.72,94.02,609.73,86,92,96,2.88,Non-Healthy
20.1,62.02,547.34,97,69,123,2.2,Healthy
25.82,81.57,223.77,84,100,99,2.73,Non-Healthy
24.0,77.33,356.69,89,82,100,5.99,Healthy
30.92,68.07,121.58,109,106,121,2.92,Non-Healthy
19.47,78.73,585.81,112,53,102,2.95,Healthy
31.76,62.31,257.04,90,87,66,4.48,Non-Healthy
30.26,79.38,168.15,76,54,42,6.13,Non-Healthy
19.03,89.91,503.25,72,107,128,2.84,Non-Healthy
24.87,64.93,247.08,103,83,129,3.57,Non-Healthy
28.05,71.39,438.42,71,55,80,5.3,Healthy
28.33,82.09,213.5,78,57,124,2.75,Healthy
30.69,72.58,578.26,98,45,114,5.26,Healthy
29.2,74.53,689.54,94,79,91,5.7,Non-Healthy
22.35,71.85,182.35,79,88,58,6.5,Healthy
24.98,76.89,608.02,69,105,101,5.72,Healthy
27.83,73.06,404.08,92,57,111,3.68,Healthy
19.94,65.05,149.82,72,45,44,4.7,Healthy
20.72,66.96,422.36,103,82,73,5.46,Healthy
24.73,62.77,399.52,78,62,47,3.32,Healthy
22.18,76.37,637.02,63,87,81,3.61,Non-Healthy
30.08,89.59,317.43,103,55,42,6.51,Non-Healthy
26.21,63.17,559.35,106,53,102,5.12,Healthy
22.88,83.06,196.74,112,45,82,6.01,Healthy
29.88,74.71,345.33,64,65,68,2.2,Non-Healthy
29.27,90.5,432.83,71,52,65,6.35,Healthy
31.98,72.72,225.28,64,60,96,3.99,Non-Healthy
29.86,84.31,234.71,83,67,65,4.8,Non-Healthy
23.8,73.97,262.3,117,68,126,2.2,Healthy
19.78,78.97,550.82,85,105,89,6.87,Healthy
29.77,87.12,667.22,105,62,93,6.5,Non-Healthy
18.84,93.87,193.75,86,66,133,5.57,Non-Healthy
22.9,64.72,437.81,61,88,102,5.78,Healthy
30.88,78.52,205.32,66,82,130,4.09,Non-Healthy
31.45,64.63,151.47,81,43,102,2.15,Non-Healthy
26.97,61.07,142.89,80,61,101,4.44,Non-Healthy
27.64,86.18,368.77,90,104,101,4.12,Non-Healthy
18.59,94.41,366.69,95,44,128,3.98,Healthy
25.2,80.84,505.23,90,75,59,2.13,Healthy
25.66,62.54,346.16,68,101,136,2.88,Healthy
22.76,62.16,253.24,116,94,81,5.42,Healthy
18.96,71.01,175.86,71,106,63,6.0,Healthy
21.2,73.33,451.27,96,70,93,4.55,Healthy
23.01,60.14,246.06,110,88,52,4.63,Non-Healthy
24.09,89.49,338.75,62,48,136,3.0,Healthy
26.27,76.4,130.17,103,56,118,2.21,Healthy
28.11,94.85,264.44,75,70,81,6.53,Healthy
22.45,90.95,497.58,106,107,89,5.31,Non-Healthy
22.61,77.53,191.42,69,63,68,5.07,Non-Healthy
18.28,81.95,503.59,68,87,96,2.51,Healthy
18.57,71.01,619.04,63,51,79,6.68,Healthy
21.61,70.62,624.23,80,85,129,6.29,Healthy
28.36,64.56,211.29,85,76,113,2.02,Non-Healthy
26.8,79.09,391.05,113,68,116,4.83,Healthy
28.78,62.86,638.85,60,81,53,6.75,Healthy
28.76,75.64,543.36,69,47,77,6.28,Healthy
29.99,71.26,622.5,110,100,131,6.6,Non-Healthy
28.08,87.67,344.4,64,93,112,4.41,Non-Healthy
31.71,73.35,409.43,66,73,81,4.98,Non-Healthy
30.58,91.55,639.17,70,86,102,6.64,Non-Healthy
26.21,66.63,368.83,70,57,80,5.88,Healthy
26.23,92.57,508.7,92,45,73,4.06,Healthy
18.48,80.77,366.26,110,81,40,3.66,Healthy
31.98,64.21,530.64,99,98,55,3.36,Non-Healthy
19.84,77.58,475.67,63,48,78,3.47,Healthy
28.36,69.38,376.13,81,68,75,3.41,Healthy
29.49,86.22,438.43,79,70,59,5.22,Non-Healthy
23.22,82.8,466.93,73,40,78,4.79,Healthy
20.76,62.2,629.85,81,80,137,2.84,Healthy
19.38,74.61,512.59,112,65,117,2.09,Healthy
28.48,91.05,533.98,68,79,76,3.14,Non-Healthy
24.34,74.27,682.56,70,46,104,2.73,Healthy
27.99,86.03,159.24,118,43,80,3.06,Non-Healthy
30.82,63.97,228.82,102,84,50,4.68,Non-Healthy
20.05,90.34,304.51,89,78,79,6.67,Healthy
30.87,77.59,668.72,89,82,58,5.76,Non-Healthy
23.76,93.17,252.56,99,102,84,5.81,Healthy
22.27,78.81,447.75,62,63,78,4.14,Healthy
31.2,86.92,188.3,60,44,43,6.41,Non-Healthy
31.87,94.02,276.99,72,106,139,5.72,Non-Healthy
20.78,85.53,280.14,118,84,118,6.25,Non-Healthy
27.2,80.2,530.91,72,97,122,4.9,Healthy
19.49,72.83,183.12,70,103,121,2.02,Non-Healthy
27.11,61.49,559.05,76,67,45,5.88,Healthy
29.58,75.14,296.06,98,41,113,3.49,Healthy
27.58,74.44,545.41,85,86,91,4.02,Healthy
23.84,88.81,332.61,87,95,119,2.09,Non-Healthy
23.36,66.62,367.31,89,60,114,6.79,Healthy
23.5,85.99,192.98,61,48,78,3.87,Non-Healthy
26.26,61.31,181.97,108,56,70,3.88,Healthy
30.34,91.02,434.27,65,61,45,2.75,Non-Healthy
31.01,83.38,489.5,88,74,115,4.1,Non-Healthy
18.75,74.79,173.44,78,77,62,5.95,Healthy
20.54,69.29,200.87,88,43,127,5.97,Healthy
19.57,66.45,138.82,62,51,65,6.14,Healthy
20.71,80.5,214.2,73,40,61,5.74,Healthy
22.85,74.36,249.09,78,69,111,2.89,Non-Healthy
25.09,86.01,520.61,63,91,89,3.04,Non-Healthy
26.81,91.74,157.82,72,62,57,3.5,Non-Healthy
28.25,70.35,518.7,81,66,134,5.63,Healthy
30.46,82.75,355.15,69,93,114,5.88,Healthy
31.85,74.8,202.91,89,69,41,5.11,Non-Healthy
27.28,61.5,689.75,83,79,113,3.67,Non-Healthy
29.84,81.54,412.48,93,95,48,4.82,Non-Healthy
28.89,72.73,290.63,68,47,45,5.16,Healthy
22.31,60.48,152.19,67,107,114,2.44,Non-Healthy
30.26,76.53,302.31,89,84,133,3.92,Non-Healthy
18.6,63.21,475.22,69,47,86,5.97,Healthy
18.01,81.99,262.55,111,53,96,5.79,Healthy
21.83,78.43,450.16,108,106,99,2.82,Healthy
24.47,77.51,281.4,111,46,72,4.41,Healthy
26.94,92.79,145.78,91,47,137,4.22,Non-Healthy
19.42,90.81,359.64,87,45,53,6.77,Healthy
27.42,84.99,326.84,117,84,61,4.15,Healthy
29.23,80.21,262.62,106,76,66,4.83,Non-Healthy
20.59,68.83,426.8,96,73,48,4.83,Healthy
23.81,60.29,345.98,109,93,69,6.07,Healthy
25.28,64.19,670.97,71,65,98,6.98,Healthy
24.33,71.21,480.31,106,52,106,2.33,Healthy
29.2,66.89,327.73,66,95,63,5.95,Healthy
31.45,79.95,244.32,89,84,42,3.56,Non-Healthy
29.19,78.72,505.77,69,41,125,5.8,Healthy
19.09,73.64,653.67,74,100,99,3.27,Non-Healthy
29.27,88.02,483.73,112,82,131,2.67,Non-Healthy
18.93,85.59,601.05,90,93,65,4.36,Non-Healthy
21.3,84.08,516.85,114,58,104,3.33,Healthy
20.14,77.59,669.37,119,107,59,3.65,Non-Healthy
20.77,61.52,356.18,85,42,43,2.4,Healthy
25.4,74.98,568.18,64,78,85,3.59,Healthy
27.4,77.47,415.33,85,48,139,5.4,Healthy
24.58,75.67,148.71,77,108,106,2.34,Non-Healthy
31.44,60.16,127.69,79,82,107,2.47,Non-Healthy
21.36,82.84,366.57,107,70,105,2.44,Healthy
28.68,69.01,502.79,103,57,113,4.96,Healthy
30.18,61.56,620.7,105,102,136,5.24,Non-Healthy
25.87,77.62,138.92,76,108,93,2.99,Non-Healthy
24.39,92.22,666.27,92,62,130,3.82,Non-Healthy
26.35,61.03,633.16,83,86,43,2.22,Non-Healthy
24.0,60.48,626.7,93,46,103,5.84,Healthy
25.77,80.57,492.75,100,65,71,3.43,Healthy
23.84,79.0,390.66,83,96,78,2.63,Healthy
23.61,60.55,586.32,78,100,68,2.66,Healthy
27.73,63.61,239.58,105,109,44,5.94,Healthy
19.3,89.27,289.53,105,100,90,3.1,Non-Healthy
20.33,75.84,220.16,93,82,103,2.31,Non-Healthy
29.92,64.35,698.83,96,46,49,6.17,Healthy
28.8,65.46,231.47,77,82,80,3.82,Healthy
21.94,81.4,526.44,64,75,56,6.92,Healthy
23.28,71.5,388.0,85,92,118,3.72,Healthy
30.96,60.9,139.31,80,64,130,2.39,Non-Healthy
29.45,82.26,167.13,116,56,135,3.71,Non-Healthy
26.6,61.13,659.07,98,69,123,5.6,Healthy
21.1,63.86,551.83,99,105,86,2.93,Healthy
18.62,65.56,436.69,68,70,124,5.57,Healthy
24.04,65.01,241.49,95,108,115,3.39,Non-Healthy
27.42,86.65,123.69,73,96,89,6.71,Non-Healthy
29.6,63.27,568.14,113,96,50,5.52,Healthy
29.94,65.2,301.13,98,59,61,2.95,Healthy
18.46,75.65,244.14,83,97,111,4.21,Non-Healthy
21.42,64.9,219.94,86,90,84,5.76,Healthy
22.75,86.14,589.1,68,91,40,5.43,Non-Healthy
20.64,77.07,479.97,79,42,118,2.91,Healthy
29.24,90.79,491.95,92,85,85,6.98,Non-Healthy
28.74,61.33,656.75,113,69,115,5.04,Non-Healthy
25.24,89.93,637.24,64,53,88,4.66,Non-Healthy
31.76,65.38,514.67,93,42,112,5.52,Healthy
20.02,92.4,677.4,83,84,95,3.16,Non-Healthy
30.6,71.41,252.8,109,41,68,3.92,Non-Healthy
19.63,77.88,131.37,99,88,118,3.96,Non-Healthy
20.28,60.83,654.59,80,55,127,2.79,Healthy
27.75,85.52,273.31,76,108,91,6.87,Healthy
19.53,67.48,684.4,100,90,106,4.54,Non-Healthy
25.92,92.08,249.94,91,102,94,6.72,Non-Healthy
23.88,83.16,281.51,117,62,77,3.63,Non-Healthy
28.2,69.93,647.48,115,60,99,4.83,Healthy
30.61,69.13,591.34,75,74,99,5.28,Non-Healthy
28.78,65.97,176.49,95,106,96,6.8,Healthy
29.9,88.07,453.77,117,71,99,3.87,Non-Healthy
18.46,75.35,211.5,64,43,52,2.65,Healthy
22.34,69.69,161.57,74,45,88,2.98,Healthy
25.22,93.35,475.18,64,103,79,2.95,Non-Healthy
23.82,88.08,165.27,111,84,46,5.08,Non-Healthy
21.24,80.52,393.7,92,82,52,6.96,Healthy
22.31,88.09,476.42,63,51,78,3.39,Healthy
31.24,64.2,664.68,99,41,52,4.49,Non-Healthy
22.12,83.53,654.34,113,64,43,5.38,Non-Healthy
22.95,71.35,472.33,67,57,120,2.06,Healthy
18.05,84.06,411.57,114,83,128,6.8,Healthy
29.83,93.66,497.23,84,52,72,4.97,Non-Healthy
20.17,87.31,656.48,119,85,80,3.69,Non-Healthy
20.86,79.79,694.75,118,85,43,4.34,Non-Healthy
21.57,86.09,139.19,110,103,55,2.31,Non-Healthy
30.38,76.39,682.34,93,41,55,6.6,Healthy
20.89,69.8,585.85,101,103,111,5.38,Healthy
29.17,61.42,163.5,71,40,111,2.1,Non-Healthy
29.31,83.7,584.1,78,50,97,4.89,Healthy
30.98,64.99,504.33,66,89,66,5.73,Healthy
19.62,76.08,645.33,64,79,46,5.24,Non-Healthy
21.04,83.34,385.52,83,61,82,5.34,Healthy
28.4,91.2,411.94,83,87,130,4.65,Non-Healthy
20.74,81.33,605.64,88,52,87,3.52,Healthy
22.01,67.62,400.6,66,83,90,5.62,Healthy
20.33,76.59,425.29,78,79,60,4.55,Healthy
20.42,83.37,261.73,62,86,102,3.28,Healthy
24.74,66.84,311.65,114,86,132,5.98,Healthy
19.54,85.63,286.84,62,96,122,6.9,Healthy
22.5,86.73,146.48,96,105,71,3.35,Non-Healthy
23.97,78.29,458.16,111,108,52,4.26,Healthy
18.34,90.06,608.74,101,88,132,4.07,Non-Healthy
23.44,67.87,566.78,96,80,110,2.97,Healthy
19.32,78.82,263.02,91,48,70,4.98,Healthy
24.91,91.3,460.06,60,70,92,2.82,Non-Healthy
29.56,84.65,404.45,88,59,113,4.58,Healthy
29.46,88.24,593.6,102,68,82,3.37,Non-Healthy
19.13,67.77,325.02,69,85,53,6.62,Healthy
26.42,80.05,141.23,105,48,137,2.41,Healthy
29.68,71.34,634.62,79,54,42,3.54,Non-Healthy
21.33,83.06,508.76,107,49,102,5.02,Healthy
28.67,78.29,225.48,69,62,84,5.27,Non-Healthy
30.47,81.89,239.31,106,93,60,3.43,Non-Healthy
29.29,81.62,350.96,75,93,130,2.28,Non-Healthy
19.5,85.78,396.31,99,54,69,3.28,Non-Healthy
18.13,87.96,311.57,68,55,139,3.6,Healthy
20.68,62.17,419.09,117,90,127,4.98,Healthy
21.79,93.19,637.62,97,88,117,6.19,Non-Healthy
26.63,74.23,485.38,99,107,101,6.56,Healthy
23.38,65.95,334.33,96,106,103,4.41,Healthy
27.85,92.27,619.06,64,46,107,3.65,Non-Healthy
22.94,87.44,523.52,72,70,130,4.21,Non-Healthy
20.16,74.71,464.36,108,73,75,4.75,Healthy
22.38,81.0,419.58,90,69,135,2.21,Healthy
30.38,67.92,170.95,114,104,133,6.09,Non-Healthy
31.42,74.46,463.9,104,80,127,4.09,Non-Healthy
20.91,74.03,350.99,61,76,131,2.5,Healthy
29.04,86.39,439.19,68,100,119,6.48,Non-Healthy
21.83,75.11,191.96,109,68,54,3.27,Non-Healthy
30.42,86.42,575.98,119,50,43,5.16,Non-Healthy
20.32,87.65,416.93,102,68,116,4.98,Non-Healthy
27.32,73.5,601.94,87,43,93,4.07,Healthy
19.18,75.4,239.95,118,92,124,2.46,Non-Healthy
31.63,78.23,664.09,87,67,81,6.51,Non-Healthy
27.81,60.12,455.35,92,65,83,5.82,Healthy
29.79,66.83,163.9,83,41,118,4.3,Non-Healthy
25.93,89.65,301.96,110,98,52,6.96,Healthy
24.68,86.63,689.96,100,76,122,3.79,Non-Healthy
26.71,62.7,475.73,97,104,114,3.59,Healthy
25.4,82.22,363.45,75,62,94,6.87,Healthy
24.57,60.73,651.1,74,41,47,2.25,Healthy
28.63,78.7,329.55,78,93,118,6.49,Healthy
20.49,65.65,553.34,77,40,111,6.13,Healthy
20.4,89.87,204.83,92,55,126,2.43,Non-Healthy
24.05,81.52,524.35,95,109,131,3.15,Healthy
22.49,62.24,405.04,105,83,46,6.23,Healthy
19.04,82.44,366.28,90,72,126,5.11,Healthy
29.82,91.23,254.33,85,56,65,6.61,Healthy
28.8,85.68,692.72,71,64,94,4.83,Non-Healthy
25.61,64.03,191.7,67,74,114,5.26,Non-Healthy
31.71,83.28,238.03,61,108,138,5.89,Non-Healthy
19.02,81.37,338.9,97,101,117,4.56,Healthy
28.73,82.1,196.05,78,92,103,5.52,Healthy
21.73,87.83,662.49,110,107,117,2.83,Non-Healthy
23.16,70.65,648.02,108,47,69,5.49,Healthy
21.07,72.44,374.15,96,72,47,3.68,Healthy
29.05,67.06,405.59,98,92,82,6.6,Healthy
20.02,76.0,156.01,87,74,104,6.25,Healthy
29.76,74.34,606.84,119,52,100,5.06,Non-Healthy
27.26,62.94,572.68,92,43,90,2.21,Healthy
18.83,68.49,348.11,87,103,134,2.19,Healthy
29.35,64.2,396.71,87,85,99,6.01,Healthy
26.79,79.41,502.43,98,51,85,3.6,Healthy
30.67,66.55,390.04,106,97,92,5.49,Non-Healthy
28.48,71.4,278.45,118,71,132,4.08,Healthy
25.86,88.6,292.54,79,42,59,6.42,Healthy
29.71,80.01,420.04,64,55,122,6.06,Healthy
21.89,78.19,696.83,107,60,79,4.15,Healthy
25.66,93.05,404.16,116,95,59,3.83,Non-Healthy
22.11,75.31,152.36,104,47,44,4.86,Healthy
31.55,90.93,664.44,100,42,71,5.33,Non-Healthy
21.17,80.22,297.46,72,70,60,3.45,Healthy
18.22,74.19,143.1,99,91,82,5.28,Non-Healthy
22.56,72.11,161.93,106,73,112,2.91,Non-Healthy
25.04,91.62,219.26,100,50,50,6.83,Healthy
18.4,79.78,487.81,95,67,82,4.15,Healthy
25.83,68.81,333.43,63,65,84,6.53,Healthy
30.24,78.18,652.03,64,71,61,5.65,Non-Healthy
27.87,68.74,580.1,104,54,48,6.47,Healthy
26.72,68.42,306.09,99,50,95,4.61,Healthy
31.38,64.52,691.95,105,47,75,5.73,Healthy
31.42,84.13,506.57,107,89,135,2.1,Non-Healthy
29.54,87.34,130.11,114,48,107,6.6,Non-Healthy
26.51,71.33,388.59,111,79,49,5.13,Healthy
24.83,74.33,647.99,86,84,85,6.46,Healthy
18.19,87.76,291.66,63,41,86,2.06,Healthy
26.49,60.57,657.58,83,65,88,5.8,Healthy
31.85,71.65,476.91,95,104,61,3.07,Non-Healthy
29.45,70.77,458.17,79,84,130,5.11,Non-Healthy
22.77,79.02,332.18,90,49,113,2.74,Healthy
20.13,91.32,675.02,107,43,79,4.63,Non-Healthy
28.98,61.42,369.76,66,50,87,5.88,Healthy
28.42,89.5,487.94,105,86,45,2.99,Non-Healthy
31.54,79.5,489.51,103,84,118,5.21,Non-Healthy
30.25,80.57,493.17,92,88,56,2.99,Non-Healthy
25.78,93.49,297.5,91,62,59,6.88,Healthy
19.42,64.49,621.55,60,48,89,3.11,Healthy
24.77,69.68,464.29,109,96,106,5.46,Healthy
22.39,68.05,345.3,97,105,56,5.34,Healthy
25.17,76.41,306.92,109,90,93,3.44,Healthy
22.22,80.29,185.94,115,60,42,4.49,Healthy
30.07,85.48,473.94,65,64,49,2.81,Non-Healthy
29.82,61.86,573.91,118,105,79,5.32,Non-Healthy
22.42,74.91,365.03,70,104,111,5.62,Healthy
26.39,92.35,651.08,77,48,88,3.35,Non-Healthy
24.02,76.19,192.81,117,76,136,2.66,Non-Healthy
30.73,88.62,402.98,117,62,127,4.56,Non-Healthy
20.62,63.92,492.61,118,101,88,2.59,Healthy
27.77,70.14,450.37,101,92,79,6.43,Healthy
31.59,85.74,635.91,62,93,81,5.08,Non-Healthy
20.45,81.75,516.74,60,50,52,2.68,Healthy
20.83,75.51,598.52,62,50,116,2.49,Healthy
27.71,83.41,504.03,84,92,139,5.35,Healthy
28.91,86.98,319.66,104,99,116,3.82,Non-Healthy
24.87,91.41,278.1,84,84,112,6.02,Healthy
26.54,75.41,322.98,101,88,73,5.62,Healthy
20.98,82.49,356.74,115,82,69,5.53,Healthy
24.67,73.35,599.55,102,56,88,6.4,Healthy
19.57,92.45,532.34,116,86,72,5.42,Non-Healthy
22.5,76.82,599.57,115,76,114,3.59,Healthy
21.99,74.37,656.58,86,56,128,2.95,Healthy
24.22,92.88,592.58,111,47,93,3.86,Healthy
31.02,60.07,678.12,92,49,133,4.66,Non-Healthy
20.54,71.62,670.92,106,97,104,5.63,Healthy
23.62,89.34,306.16,117,109,108,5.5,Healthy
26.62,75.8,347.54,118,46,127,5.09,Healthy
31.25,72.19,453.62,84,75,56,4.54,Non-Healthy
19.86,80.57,520.52,77,56,120,3.21,Healthy
30.85,74.16,389.53,106,104,109,6.02,Non-Healthy
19.13,71.53,576.91,113,95,84,2.89,Healthy
24.73,69.31,486.56,78,43,106,5.29,Healthy
24.36,70.96,465.6,75,87,96,5.86,Healthy
20.93,92.35,204.33,63,43,55,2.95,Non-Healthy
22.86,93.59,219.36,65,64,91,4.04,Non-Healthy
24.36,63.46,301.71,70,41,131,6.59,Healthy
30.11,85.74,678.24,95,45,44,5.0,Non-Healthy
31.37,83.02,164.2,93,76,86,4.86,Non-Healthy
25.26,82.08,676.95,62,62,133,2.32,Non-Healthy
30.18,61.15,396.72,109,45,122,5.85,Healthy
26.51,69.57,372.86,92,93,75,3.02,Healthy
22.89,86.11,611.19,85,54,133,3.09,Non-Healthy
20.72,77.35,602.26,113,77,129,6.34,Healthy
23.78,60.84,197.71,84,90,56,4.7,Non-Healthy
25.32,78.43,590.81,64,106,114,4.57,Healthy
18.62,89.67,416.21,65,91,63,4.28,Non-Healthy
20.04,90.74,307.41,61,98,107,5.36,Non-Healthy
26.4,91.45,182.86,89,106,44,4.78,Non-Healthy
21.15,78.46,463.49,118,56,85,5.03,Healthy
29.72,76.34,572.59,87,60,47,2.76,Healthy
22.58,68.55,633.69,113,85,95,4.99,Non-Healthy
19.47,90.31,683.54,69,66,130,4.59,Non-Healthy
19.17,88.0,191.45,93,41,40,5.22,Non-Healthy
31.12,90.23,350.13,76,50,123,2.85,Non-Healthy
19.65,67.91,148.23,78,57,68,2.46,Healthy
19.97,63.43,488.73,83,53,135,4.71,Healthy
30.08,84.45,634.85,77,55,98,2.97,Non-Healthy
21.56,91.96,518.61,76,89,110,6.74,Healthy
27.32,92.08,345.45,118,75,40,2.21,Non-Healthy
29.43,78.5,560.76,97,42,135,2.02,Healthy
26.5,82.47,698.04,106,53,61,3.18,Healthy
31.4,63.92,120.65,60,48,88,6.79,Healthy
27.92,69.64,600.27,73,55,119,4.38,Healthy
19.58,78.82,309.24,86,60,103,3.18,Healthy
25.82,90.83,553.3,119,60,54,2.75,Healthy
28.05,76.94,257.48,113,58,61,6.58,Healthy
29.23,80.74,237.06,70,47,101,3.49,Non-Healthy
18.37,61.94,589.57,102,42,127,4.99,Healthy
28.06,93.76,565.09,89,40,127,3.22,Healthy
29.56,77.23,590.51,85,87,103,4.11,Non-Healthy
28.46,65.61,559.26,61,104,51,2.66,Healthy
25.17,71.86,175.6,99,82,79,4.81,Non-Healthy
24.41,77.97,632.07,119,82,44,2.13,Non-Healthy
25.69,64.85,339.02,66,68,72,6.63,Healthy
27.87,66.88,247.41,89,77,99,2.59,Non-Healthy
30.92,92.06,449.19,107,49,105,4.76,Non-Healthy
26.64,90.54,320.6,87,49,103,2.87,Healthy
30.43,64.28,531.72,97,72,65,2.59,Non-Healthy
27.82,69.76,522.88,60,71,82,6.64,Healthy
18.96,82.25,613.06,85,95,123,4.98,Non-Healthy
25.01,69.09,696.26,88,83,119,3.2,Non-Healthy
22.01,60.07,583.75,83,98,49,2.57,Healthy
21.99,84.54,202.1,62,108,118,3.43,Non-Healthy
22.98,66.76,562.33,62,102,114,2.2,Healthy
22.41,71.37,448.8,75,103,60,3.54,Healthy
26.1,69.94,446.65,87,67,113,3.69,Healthy
27.57,65.33,315.6,66,99,45,3.45,Healthy
21.76,64.75,213.23,93,87,123,4.84,Non-Healthy
19.82,65.07,220.37,69,66,48,2.73,Non-Healthy
18.82,93.86,153.41,101,69,55,3.44,Non-Healthy
26.06,85.44,587.1,60,41,98,2.03,Healthy
20.61,92.9,551.49,87,78,119,5.14,Non-Healthy
18.13,80.0,616.9,113,75,124,6.5,Healthy
30.99,71.59,528.4,89,64,50,6.49,Healthy
25.52,65.74,217.32,73,73,78,6.66,Healthy
19.29,76.92,546.86,113,42,114,2.11,Healthy
29.8,77.27,443.55,77,102,103,4.64,Non-Healthy
31.76,87.21,183.03,86,103,51,5.24,Non-Healthy
24.28,78.5,644.97,60,93,75,6.45,Healthy
18.59,66.82,643.34,62,88,74,5.08,Non-Healthy
19.65,88.5,484.16,104,84,119,3.65,Non-Healthy
23.34,65.18,363.39,88,77,83,2.74,Healthy
30.4,78.51,258.0,114,56,137,2.16,Healthy
20.07,61.49,176.61,60,79,49,5.49,Healthy
29.54,72.92,587.48,67,86,122,5.66,Healthy
18.21,83.52,680.72,80,98,135,6.33,Healthy
24.4,64.85,128.14,60,76,73,6.57,Healthy
27.02,78.37,398.03,81,41,89,2.7,Healthy
18.85,78.86,181.5,104,105,70,5.31,Non-Healthy
26.61,91.83,362.75,94,72,110,6.06,Healthy
31.22,76.33,456.76,90,72,103,4.8,Non-Healthy
20.24,62.74,368.88,86,50,53,5.81,Healthy
28.21,65.11,129.99,79,70,48,5.38,Non-Healthy
26.53,69.65,692.95,113,103,111,5.14,Non-Healthy
20.59,87.96,656.97,97,75,74,6.76,Non-Healthy
18.09,68.93,567.98,100,42,64,5.88,Healthy
18.13,81.33,352.39,111,75,43,5.86,Healthy
25.45,62.74,519.9,77,94,61,6.76,Healthy
31.2,67.08,531.67,104,88,85,3.3,Non-Healthy
27.02,81.67,317.35,64,103,43,3.63,Healthy
28.0,63.43,143.02,76,81,129,2.83,Non-Healthy
24.91,85.04,480.94,78,77,83,2.54,Non-Healthy
26.15,75.72,669.89,116,70,95,2.82,Non-Healthy
19.77,69.79,553.72,74,73,139,3.7,Healthy
30.28,90.59,252.23,79,53,79,4.99,Non-Healthy
28.65,83.56,442.37,118,61,105,5.55,Healthy
31.97,62.25,346.32,107,70,58,5.7,Healthy
22.17,83.46,436.97,115,52,127,5.73,Healthy
21.18,66.94,539.95,73,91,136,2.77,Healthy
19.75,92.21,402.3,68,69,51,3.36,Healthy
31.5,65.38,649.14,99,85,73,3.01,Non-Healthy
28.93,81.58,521.43,106,50,133,4.0,Healthy
20.33,68.48,324.34,108,64,131,5.76,Healthy
25.74,92.98,475.15,70,83,75,4.38,Non-Healthy
23.79,71.36,384.12,97,107,123,6.82,Healthy
20.12,80.64,579.38,83,52,139,6.13,Healthy
20.27,64.53,124.32,83,92,117,2.95,Non-Healthy
31.49,76.78,459.63,106,82,70,4.87,Non-Healthy
22.27,81.31,133.63,117,75,95,5.07,Non-Healthy
31.18,86.97,688.01,119,75,115,2.97,Non-Healthy
19.06,79.5,414.37,107,63,53,2.86,Healthy
24.45,84.63,281.7,61,91,125,3.77,Healthy
19.81,90.07,184.21,82,101,81,4.48,Non-Healthy
18.07,70.45,318.18,88,108,43,3.44,Non-Healthy
25.75,71.91,487.77,89,90,70,6.45,Healthy
19.59,61.04,684.28,69,78,66,3.85,Non-Healthy
28.11,79.4,174.75,76,109,90,5.58,Healthy
27.77,94.0,241.94,74,54,75,3.0,Non-Healthy
20.47,85.76,280.63,87,95,91,3.55,Non-Healthy
31.18,94.74,564.28,115,101,110,3.97,Non-Healthy
28.09,75.9,165.8,72,83,105,6.22,Healthy
22.17,86.16,638.75,62,91,72,2.76,Non-Healthy
27.93,65.64,247.01,76,64,122,5.81,Healthy
28.25,74.77,536.46,101,91,73,6.61,Healthy
22.79,82.53,561.12,100,99,121,3.31,Healthy
23.26,75.76,637.99,99,83,41,5.06,Non-Healthy
23.03,61.04,240.37,61,45,113,3.47,Healthy
26.63,71.09,539.5,107,65,95,2.86,Healthy
30.61,83.66,324.78,101,108,108,3.59,Non-Healthy
20.42,73.83,345.21,86,69,79,5.63,Healthy
30.25,75.69,414.82,103,80,137,6.15,Healthy
18.39,89.97,196.08,103,97,48,4.13,Non-Healthy
27.24,69.43,328.06,84,65,46,6.1,Healthy
23.8,81.56,665.48,89,81,48,2.32,Non-Healthy
29.08,89.6,224.76,77,108,81,6.74,Non-Healthy
28.1,88.25,302.8,104,105,85,3.57,Non-Healthy
24.72,68.36,588.22,96,98,127,4.76,Healthy
27.01,61.79,264.99,99,78,104,5.5,Healthy
25.02,69.69,215.58,110,42,47,5.94,Healthy
29.36,66.17,230.5,97,90,56,6.14,Non-Healthy
24.67,60.97,691.69,79,41,53,2.83,Healthy
25.32,70.65,359.72,119,86,117,6.4,Healthy
21.51,78.23,349.66,101,54,84,2.34,Healthy
26.47,82.76,559.07,114,57,138,3.73,Healthy
22.24,73.23,156.39,117,106,61,5.79,Healthy
26.08,67.15,218.33,74,43,87,4.72,Healthy
20.38,79.93,537.53,98,55,72,6.31,Healthy
20.23,86.33,305.4,118,83,131,6.12,Non-Healthy
23.84,84.32,526.97,105,92,113,4.08,Healthy
23.98,89.99,133.26,69,57,65,4.66,Non-Healthy
21.75,69.24,462.41,84,67,118,4.99,Healthy
19.84,77.61,435.66,71,80,91,6.47,Healthy
18.55,77.1,204.02,76,60,107,2.13,Healthy
18.35,71.26,188.87,107,103,117,6.11,Healthy
21.8,84.02,658.33,81,56,58,5.95,Healthy
24.47,64.7,412.91,103,69,52,3.71,Healthy
28.17,88.18,148.94,73,109,73,2.65,Non-Healthy
24.65,61.28,206.16,82,47,79,3.38,Healthy
30.66,73.59,510.08,113,90,103,2.62,Non-Healthy
18.49,81.26,396.52,84,77,98,2.76,Healthy
20.53,74.85,466.64,71,104,57,3.03,Healthy
22.74,82.95,385.8,79,85,69,3.68,Non-Healthy
26.08,61.36,656.8,89,51,105,5.52,Healthy
29.94,90.35,598.64,107,60,112,6.15,Healthy
22.9,62.72,688.48,88,60,134,2.3,Healthy
21.75,70.07,664.76,84,68,81,2.24,Non-Healthy
18.87,70.27,542.64,112,95,125,4.42,Healthy
29.5,60.41,150.47,114,58,73,4.02,Non-Healthy
23.32,63.29,699.48,94,107,129,2.55,Non-Healthy
26.0,89.82,394.52,70,41,94,4.76,Healthy
31.77,87.15,155.38,90,109,65,6.15,Non-Healthy
18.02,85.83,695.03,103,59,40,2.52,Healthy
20.04,84.13,450.82,109,59,44,6.41,Healthy
28.91,62.61,386.22,110,84,89,6.54,Healthy
29.27,70.45,131.48,63,90,91,4.52,Non-Healthy
28.77,60.23,368.47,101,43,114,4.92,Healthy
25.52,62.12,226.3,111,59,65,4.85,Healthy
31.7,61.33,536.99,69,93,73,6.49,Healthy
23.55,66.96,124.56,110,50,44,5.34,Healthy
26.43,61.97,429.16,98,101,66,2.91,Healthy
18.89,60.59,145.36,115,57,90,3.41,Healthy
23.74,68.57,534.6,114,101,87,6.34,Healthy
28.12,87.96,672.75,87,94,133,6.5,Non-Healthy
21.34,61.97,145.13,64,93,82,6.73,Healthy
31.21,94.46,179.79,61,55,116,6.13,Non-Healthy
27.61,83.02,419.04,90,77,96,2.26,Healthy
22.03,90.34,689.83,109,90,43,5.88,Healthy
28.77,83.12,358.64,87,78,79,4.72,Healthy
19.16,87.19,477.03,83,51,70,4.89,Healthy
31.65,70.53,561.76,85,94,126,4.45,Non-Healthy
18.69,69.01,658.19,78,93,50,5.56,Healthy
31.07,83.25,222.67,86,101,73,5.58,Non-Healthy
21.54,79.71,648.63,80,104,56,2.65,Healthy
28.61,77.7,483.33,65,87,105,3.73,Healthy
18.0,66.2,587.25,116,93,78,5.07,Healthy
21.56,68.07,291.42,72,81,55,5.03,Healthy
28.49,79.24,410.06,104,81,74,3.73,Healthy
25.45,74.35,241.2,75,65,128,5.41,Non-Healthy
19.61,93.69,615.67,74,85,120,3.87,Non-Healthy
23.51,79.35,238.66,90,65,112,5.48,Non-Healthy
23.26,75.11,438.03,68,55,106,2.39,Healthy
25.95,93.27,362.39,111,92,82,3.56,Non-Healthy
27.35,63.21,148.76,93,76,118,3.08,Non-Healthy
29.77,69.51,359.05,86,68,47,6.71,Healthy
24.96,72.12,574.95,106,80,96,2.42,Healthy
23.49,89.87,426.78,72,81,82,3.49,Non-Healthy
20.02,86.82,296.78,111,85,125,6.71,Healthy
29.27,70.66,378.34,107,50,109,5.51,Healthy
27.99,90.54,569.07,62,70,41,6.05,Healthy
23.72,62.19,507.53,108,48,114,4.63,Healthy
25.26,77.27,184.32,79,44,72,5.09,Healthy
27.31,82.91,428.12,64,64,112,5.45,Healthy
20.31,70.93,235.24,119,57,46,3.72,Healthy
18.38,62.42,687.48,74,47,49,6.28,Healthy
22.45,69.0,548.4,118,49,90,3.84,Healthy
26.34,76.93,166.98,95,41,87,5.74,Healthy
24.81,71.13,263.97,67,71,69,6.88,Healthy
27.7,74.55,165.31,73,65,116,5.74,Healthy
29.48,63.26,334.66,60,96,58,6.6,Healthy
24.84,60.5,597.16,99,81,67,4.17,Healthy
19.88,90.72,158.72,67,94,60,2.66,Non-Healthy
29.91,62.73,215.91,117,45,108,2.14,Non-Healthy
26.05,70.25,275.12,95,47,51,6.82,Healthy
28.36,83.24,481.97,62,83,120,5.19,Healthy
27.87,89.56,685.32,99,81,79,6.56,Non-Healthy
31.55,71.24,597.18,70,42,44,2.16,Non-Healthy
22.13,82.82,236.54,82,62,89,3.08,Non-Healthy
27.87,76.52,531.84,89,46,87,3.45,Healthy
23.12,61.79,442.7,106,84,119,3.08,Healthy
23.54,74.29,405.14,68,60,132,5.66,Healthy
21.23,61.04,646.86,95,91,125,4.47,Non-Healthy
22.82,93.75,461.12,116,83,126,2.06,Non-Healthy
31.28,86.68,199.58,60,107,47,2.56,Non-Healthy
22.1,71.88,215.68,91,55,139,2.9,Healthy
21.44,68.22,654.74,66,85,121,2.91,Non-Healthy
26.16,74.01,166.52,97,92,45,5.9,Healthy
21.61,71.07,199.99,76,40,99,6.8,Healthy
24.63,72.98,498.81,69,91,97,5.41,Healthy
29.68,92.16,250.12,90,46,56,4.6,Non-Healthy
21.23,74.16,599.14,81,86,64,6.4,Healthy
23.97,85.95,361.28,88,90,73,6.44,Healthy
26.55,65.49,399.79,93,64,122,4.93,Healthy
25.64,78.68,194.61,67,42,52,2.85,Healthy
31.65,77.28,136.33,74,81,120,3.8,Non-Healthy
27.53,80.69,560.36,108,94,103,5.57,Healthy
28.36,83.8,162.91,114,69,49,6.59,Healthy
31.54,90.14,491.29,75,71,74,6.9,Non-Healthy
23.8,68.05,431.77,86,84,95,4.93,Healthy
22.98,73.35,420.72,71,95,136,5.52,Healthy
18.61,62.0,293.82,74,50,129,2.09,Healthy
20.58,81.85,558.5,101,44,65,2.45,Healthy
21.32,92.72,352.36,116,101,98,2.45,Non-Healthy
20.57,73.87,207.73,76,87,71,4.6,Non-Healthy
28.57,94.01,152.51,102,105,76,2.53,Non-Healthy
25.5,80.93,318.68,84,79,135,5.63,Healthy
27.35,67.39,472.67,62,66,116,4.69,Healthy
29.49,78.53,247.79,91,43,52,4.04,Non-Healthy
21.23,82.4,550.48,110,98,122,5.74,Healthy
22.56,83.32,183.06,64,57,79,4.33,Healthy
27.92,82.33,393.74,103,50,114,5.41,Healthy
23.5,66.64,431.29,111,65,110,5.35,Healthy
18.41,67.29,596.19,69,71,100,4.82,Healthy
24.09,68.45,188.41,85,81,65,5.74,Healthy
30.72,85.65,120.97,119,104,47,5.77,Non-Healthy
23.73,77.48,429.55,93,77,48,6.01,Healthy
22.65,83.49,207.42,87,72,88,6.5,Healthy
31.85,87.98,451.58,70,52,77,5.6,Healthy
27.02,79.74,139.08,110,80,85,2.69,Non-Healthy
23.12,76.49,404.59,99,72,41,5.05,Healthy
19.43,74.09,346.63,90,95,107,4.37,Healthy
29.03,78.77,210.62,106,85,111,2.7,Non-Healthy
27.91,65.24,391.35,86,64,63,4.55,Non-Healthy
30.91,87.53,396.76,92,74,139,6.5,Non-Healthy
21.04,91.95,159.37,77,79,127,6.54,Non-Healthy
19.61,88.43,512.61,89,70,42,3.93,Non-Healthy
28.14,88.77,649.95,104,94,121,3.13,Non-Healthy
20.85,89.03,475.8,89,91,55,3.44,Non-Healthy
20.47,66.15,483.77,116,87,54,5.84,Healthy
22.48,94.85,554.07,98,75,115,3.28,Non-Healthy
29.44,83.0,662.92,100,105,57,3.67,Non-Healthy
25.55,74.73,689.84,65,42,93,2.86,Healthy
18.64,91.08,405.76,93,49,72,5.96,Healthy
24.49,80.38,668.1,92,48,95,4.82,Healthy
27.58,94.78,328.36,70,100,101,2.45,Non-Healthy
25.54,86.32,542.03,110,87,77,2.23,Non-Healthy
26.01,72.86,663.34,101,41,44,4.01,Healthy
21.15,85.99,129.42,102,44,55,5.3,Non-Healthy
29.87,85.55,653.92,119,109,110,6.07,Non-Healthy
25.86,70.95,633.33,110,64,110,6.7,Healthy
27.99,90.95,239.18,114,77,97,3.33,Non-Healthy
31.75,64.93,357.63,74,45,126,4.14,Healthy
23.99,72.78,191.29,87,91,57,3.15,Non-Healthy
30.33,82.27,553.37,108,68,120,6.44,Healthy
18.1,76.77,570.9,71,107,107,4.54,Healthy
18.47,83.74,630.95,111,53,104,3.17,Healthy
26.26,94.91,376.04,67,77,134,5.02,Non-Healthy
22.36,62.73,485.44,72,104,71,5.67,Healthy
21.48,86.56,609.32,92,51,71,6.68,Healthy
21.89,88.61,174.16,114,100,59,5.83,Non-Healthy
22.46,69.88,189.11,115,99,117,5.43,Non-Healthy
28.21,68.93,594.32,71,69,85,4.61,Healthy
25.97,75.45,376.34,119,78,134,5.19,Healthy
29.05,73.78,585.66,86,57,107,4.44,Healthy
29.62,77.77,120.09,111,49,94,2.87,Non-Healthy
29.8,67.41,186.72,65,65,130,4.12,Non-Healthy
23.81,77.28,333.64,102,77,109,5.13,Healthy
23.9,88.45,350.64,115,67,94,2.1,Non-Healthy
30.97,90.9,603.58,107,94,94,3.61,Non-Healthy
27.26,83.34,415.67,68,79,104,3.7,Healthy
19.13,70.08,652.42,81,91,116,2.09,Non-Healthy
25.59,90.56,366.32,66,109,85,3.53,Non-Healthy
22.98,74.74,158.84,84,81,88,6.66,Healthy
31.82,68.11,385.62,100,43,45,5.24,Healthy
18.19,64.71,358.39,97,100,53,5.11,Healthy
26.57,93.66,438.69,89,66,135,5.35,Non-Healthy
28.13,63.08,491.1,73,90,115,2.26,Healthy
22.04,78.54,154.16,95,86,84,6.67,Healthy
31.63,67.08,478.17,65,69,136,3.15,Non-Healthy
30.03,90.39,196.72,112,107,119,2.34,Non-Healthy
30.82,66.81,370.45,113,87,72,4.39,Non-Healthy
18.27,85.78,637.55,73,75,79,6.83,Non-Healthy
25.98,65.78,197.63,97,91,91,3.41,Healthy
22.13,92.83,241.08,90,96,91,2.12,Non-Healthy
29.89,83.22,365.35,92,54,99,6.54,Healthy
26.86,74.53,155.03,62,70,132,4.57,Non-Healthy
25.54,93.69,286.04,112,89,72,6.24,Healthy
19.6,78.34,164.93,73,48,110,5.55,Healthy
25.56,73.44,396.69,114,99,50,5.27,Healthy
26.85,65.69,452.56,119,60,131,3.24,Healthy
31.38,85.24,554.58,90,93,124,4.62,Non-Healthy
26.19,80.87,655.48,60,54,132,4.85,Healthy
31.54,67.8,373.82,69,68,116,5.39,Non-Healthy
31.46,68.75,484.13,78,80,85,5.52,Healthy
27.1,67.71,154.84,107,75,112,2.88,Non-Healthy
25.08,77.35,395.68,76,43,42,6.26,Healthy
24.52,61.66,624.6,103,77,132,3.81,Non-Healthy
30.47,70.12,463.52,101,94,85,5.64,Healthy
18.4,85.78,337.56,75,75,80,6.09,Healthy
19.59,81.74,171.76,81,86,84,3.56,Non-Healthy
19.43,88.65,409.18,81,73,57,3.28,Non-Healthy
28.6,86.07,652.85,114,46,114,6.93,Healthy
22.76,60.74,162.86,103,76,46,3.75,Non-Healthy
26.93,79.93,427.91,87,69,42,5.0,Healthy
26.45,75.34,367.27,106,59,128,5.8,Healthy
23.4,72.65,560.49,85,107,70,4.25,Healthy
25.44,94.73,207.67,64,92,68,3.27,Non-Healthy
27.03,82.99,219.29,84,74,102,4.73,Non-Healthy
31.17,68.79,535.28,68,106,131,4.86,Non-Healthy
26.06,78.65,514.38,113,57,126,5.96,Healthy
26.6,63.33,420.26,83,88,52,5.65,Healthy
18.95,86.08,122.64,87,95,108,3.25,Non-Healthy
31.33,72.17,616.29,100,81,59,4.97,Non-Healthy
25.39,65.91,692.69,97,94,129,4.88,Healthy
29.22,65.68,507.12,88,62,90,3.7,Non-Healthy
18.7,60.53,661.27,102,73,63,4.63,Non-Healthy
23.89,87.23,559.53,107,57,137,4.73,Healthy
21.6,85.5,516.81,90,47,82,5.23,Healthy
21.74,76.98,323.73,93,86,85,2.11,Healthy
29.08,70.71,166.2,73,76,54,5.15,Non-Healthy
26.73,73.71,138.66,111,108,131,2.38,Non-Healthy
24.16,90.94,381.33,100,67,124,4.04,Non-Healthy
18.15,64.25,386.53,82,60,56,2.73,Healthy
31.51,61.03,343.99,77,46,77,6.44,Healthy
31.47,67.55,137.36,102,86,67,4.78,Non-Healthy
21.05,78.22,235.62,63,63,127,5.37,Non-Healthy
18.58,60.27,199.18,99,97,64,2.97,Non-Healthy
25.42,63.65,127.39,80,79,47,6.11,Healthy
31.32,84.43,479.1,62,55,59,5.64,Healthy
30.75,75.68,177.39,91,52,135,5.46,Non-Healthy
26.19,93.2,206.07,75,66,90,5.42,Non-Healthy
22.25,91.88,177.49,69,45,107,2.18,Non-Healthy
22.62,69.68,563.51,78,109,86,6.05,Healthy
30.57,73.22,632.36,96,96,78,3.02,Non-Healthy
24.88,92.14,188.9,83,53,98,3.96,Non-Healthy
19.84,80.27,477.09,77,93,89,3.95,Healthy
21.48,72.94,479.42,79,104,108,6.86,Healthy
21.88,88.01,283.17,63,58,104,3.81,Healthy
19.73,92.36,461.34,97,99,138,3.6,Non-Healthy
24.48,83.57,371.3,69,68,75,3.98,Healthy
30.82,68.08,182.43,63,45,90,6.03,Healthy
27.36,88.67,675.78,114,85,119,3.63,Non-Healthy
19.01,74.72,513.61,66,86,114,5.12,Healthy
18.08,84.43,673.3,76,100,128,4.29,Non-Healthy
21.87,77.02,207.59,100,65,104,4.26,Non-Healthy
23.08,92.93,580.61,103,69,132,2.19,Non-Healthy
28.87,62.39,363.96,83,54,79,4.9,Healthy
31.54,65.45,659.22,90,107,86,4.79,Non-Healthy
23.43,66.81,518.45,96,89,71,2.75,Healthy
27.61,67.74,205.36,86,107,80,5.34,Non-Healthy
31.93,68.24,138.84,85,79,55,6.27,Non-Healthy
28.44,65.35,192.86,95,80,110,3.38,Non-Healthy
26.91,84.25,533.36,104,81,91,6.48,Healthy
19.09,67.64,126.11,93,68,104,4.0,Non-Healthy
22.53,68.24,397.39,108,50,90,5.48,Healthy
30.79,66.91,440.77,92,105,123,5.79,Healthy
20.81,73.95,591.12,64,58,79,2.61,Healthy
29.81,93.55,379.03,93,100,115,3.98,Non-Healthy
27.75,72.84,123.18,74,43,124,3.62,Healthy
23.13,70.42,246.89,84,93,99,6.16,Non-Healthy
25.41,62.4,147.58,109,45,122,2.4,Healthy
25.6,72.34,688.95,67,102,60,4.45,Non-Healthy
28.0,68.13,490.28,105,98,92,4.59,Healthy
25.23,86.7,121.11,110,102,128,5.2,Non-Healthy
19.86,63.91,142.35,96,91,75,3.39,Non-Healthy
28.83,65.03,250.8,61,85,49,3.84,Healthy
23.69,69.75,571.74,95,60,64,4.37,Healthy
31.48,70.08,351.43,76,99,110,6.18,Healthy
21.97,89.62,413.11,94,73,60,6.06,Healthy
21.68,87.69,626.06,108,78,70,6.66,Non-Healthy
22.67,80.25,636.92,116,66,71,5.38,Healthy
26.01,70.1,368.15,66,86,48,5.7,Healthy
30.53,71.16,560.89,68,40,119,5.23,Healthy
20.47,80.73,255.82,105,108,91,3.86,Healthy
21.92,85.9,221.61,114,61,98,6.43,Non-Healthy
26.14,73.44,686.25,90,86,97,2.2,Non-Healthy
24.36,77.83,490.16,69,54,130,6.63,Healthy
24.26,91.08,501.23,69,53,61,6.22,Healthy
29.49,82.74,629.15,105,73,42,6.48,Non-Healthy
30.93,78.74,135.68,74,50,119,6.19,Healthy
24.74,62.49,285.82,108,92,40,5.55,Healthy
27.62,66.16,537.12,66,91,69,3.05,Healthy
29.21,67.03,383.68,70,85,61,6.9,Healthy
25.26,81.81,666.86,71,72,84,2.89,Non-Healthy
22.12,63.78,381.33,114,61,85,3.13,Healthy
26.93,61.01,193.68,94,51,108,5.61,Healthy
26.19,72.61,646.23,104,60,48,5.2,Healthy
30.62,85.16,122.97,65,79,135,4.32,Non-Healthy
18.73,84.26,560.08,107,62,74,5.44,Healthy
30.74,87.74,124.84,84,56,85,5.13,Non-Healthy
25.48,84.37,388.66,82,40,92,5.92,Healthy
18.22,81.46,239.22,86,87,123,4.41,Healthy
22.83,77.02,671.96,110,96,121,3.42,Non-Healthy
28.14,67.3,350.11,60,97,94,6.43,Healthy
24.84,79.9,137.95,118,97,57,4.93,Healthy
31.72,82.28,570.54,95,76,101,4.36,Non-Healthy
23.92,64.33,303.62,103,71,75,6.28,Healthy
22.57,79.78,490.89,62,80,64,4.77,Healthy
29.5,63.42,355.03,111,46,73,5.18,Non-Healthy
25.67,79.15,374.34,61,62,43,3.83,Healthy
27.55,65.56,273.0,118,75,116,4.6,Healthy
29.28,64.17,577.23,67,57,128,4.93,Healthy
27.4,63.96,388.96,78,43,76,3.17,Healthy
23.91,91.89,142.98,104,81,81,5.76,Non-Healthy
19.75,80.93,667.96,97,51,59,2.88,Healthy
26.12,68.76,408.21,108,51,44,6.26,Healthy
30.56,62.5,401.86,76,57,95,3.34,Healthy
23.86,78.77,320.94,84,95,42,6.66,Healthy
30.75,65.07,488.39,113,106,110,3.53,Non-Healthy
25.05,87.24,352.89,80,66,124,5.39,Non-Healthy
26.69,77.36,554.7,96,47,46,3.97,Healthy
29.66,85.43,628.42,61,89,64,6.01,Non-Healthy
25.9,73.85,404.04,107,107,116,6.64,Healthy
19.27,84.58,498.48,70,47,115,3.9,Healthy
31.73,83.96,291.41,65,95,121,5.41,Non-Healthy
21.44,79.65,482.73,89,83,71,2.78,Healthy
27.95,89.6,488.44,74,102,124,2.42,Healthy
25.07,80.39,416.95,77,54,48,4.07,Healthy
24.7,80.23,212.71,90,59,46,6.79,Healthy
21.42,70.78,540.68,75,48,109,3.42,Healthy
28.11,92.6,305.41,106,61,42,4.62,Non-Healthy
19.58,78.1,345.16,107,99,56,3.88,Healthy
31.87,73.71,613.9,79,41,52,4.23,Non-Healthy
29.84,78.96,515.05,113,99,79,6.38,Healthy
25.48,65.08,167.95,114,108,46,5.77,Healthy
23.94,69.28,447.92,100,98,125,5.36,Healthy
22.01,70.73,170.41,106,71,82,4.34,Non-Healthy
25.02,78.03,494.36,84,64,127,6.42,Healthy
30.31,84.34,348.9,109,80,71,2.25,Non-Healthy
21.85,70.05,591.54,76,58,58,3.42,Healthy
25.01,64.75,572.5,84,72,96,5.06,Healthy
21.28,79.57,699.83,72,41,137,6.06,Healthy
22.72,89.91,293.52,93,89,72,3.92,Non-Healthy
20.66,74.64,221.55,111,67,77,6.09,Healthy
31.87,76.65,227.48,64,101,100,3.81,Non-Healthy
26.0,70.12,467.37,80,108,65,6.73,Healthy
28.26,88.31,314.04,113,74,135,5.15,Non-Healthy
19.38,64.22,645.98,81,108,129,3.52,Non-Healthy
23.13,65.99,166.03,117,108,135,2.75,Non-Healthy
30.5,95.0,563.59,65,104,84,5.09,Non-Healthy
19.18,83.88,404.03,99,69,51,3.99,Healthy
20.32,79.18,489.71,91,62,40,4.63,Healthy
26.76,87.83,460.94,60,94,138,6.12,Non-Healthy
26.72,94.89,427.55,72,71,130,2.34,Non-Healthy
29.74,66.68,525.04,97,56,126,5.65,Healthy
31.1,87.7,436.51,82,44,53,5.21,Non-Healthy
19.99,71.98,655.03,106,44,128,5.68,Healthy
21.63,85.59,439.97,85,95,42,3.21,Non-Healthy
23.98,84.77,653.41,83,95,42,4.87,Non-Healthy
18.01,94.94,587.67,104,106,68,3.14,Non-Healthy
18.98,63.92,611.58,83,51,85,6.95,Healthy
21.17,60.07,640.43,88,79,118,6.46,Healthy
24.74,86.17,237.48,99,89,103,5.76,Non-Healthy
21.52,79.91,318.68,88,77,119,5.72,Healthy
30.27,84.18,641.64,99,54,67,6.86,Healthy
22.54,86.37,206.54,68,101,106,3.89,Non-Healthy
30.94,77.27,404.28,97,46,96,5.18,Healthy
31.65,72.48,180.75,96,105,121,6.13,Non-Healthy
24.3,86.96,208.48,77,43,88,4.03,Non-Healthy
21.18,73.3,461.56,75,75,48,4.04,Healthy
22.08,81.78,349.74,113,62,131,5.48,Healthy
28.87,91.27,365.74,80,103,103,4.86,Non-Healthy
21.83,65.54,414.72,61,51,134,4.88,Healthy
23.33,60.31,503.22,112,70,45,3.1,Healthy
24.7,68.99,409.61,75,106,101,5.63,Healthy
26.05,87.91,318.23,110,66,67,6.79,Healthy
31.95,79.84,231.83,97,104,81,4.95,Non-Healthy
21.25,93.12,389.39,118,48,58,3.15,Healthy
22.95,79.18,337.82,68,105,57,2.7,Healthy
21.68,69.3,592.96,61,87,104,3.96,Healthy
23.06,86.81,128.87,114,68,108,5.4,Non-Healthy
19.41,83.01,450.83,76,93,137,4.49,Healthy
23.04,88.72,478.71,75,93,52,6.55,Healthy
30.43,83.38,692.98,101,64,138,5.15,Non-Healthy
22.18,75.82,633.51,61,43,126,4.82,Healthy
23.21,69.7,420.19,100,71,66,3.92,Healthy
31.22,61.95,287.34,74,65,52,3.36,Healthy
28.2,70.78,125.91,80,90,117,3.76,Non-Healthy
25.23,61.62,259.65,63,97,136,4.05,Healthy
28.88,75.05,611.51,88,93,104,3.25,Non-Healthy
19.72,67.9,684.49,92,93,63,6.94,Healthy
24.5,84.63,526.61,116,85,131,5.65,Healthy
19.66,67.71,470.24,91,104,52,3.05,Healthy
21.27,62.85,471.62,93,89,118,6.72,Healthy
19.99,89.36,496.95,90,44,68,5.58,Healthy
23.07,62.1,121.04,87,78,92,4.97,Non-Healthy
23.34,86.28,334.58,83,41,107,5.83,Healthy
31.26,92.53,310.98,109,107,65,4.43,Non-Healthy
21.7,63.75,687.2,65,47,111,5.58,Healthy
24.61,79.59,120.42,103,54,104,5.03,Healthy
29.36,75.81,547.08,113,106,125,2.66,Non-Healthy
29.42,87.95,355.07,91,60,50,4.5,Non-Healthy
28.5,81.82,157.56,63,61,112,4.22,Non-Healthy
22.03,69.74,329.35,98,77,59,3.57,Healthy
24.93,60.05,194.15,115,65,50,4.84,Non-Healthy
20.61,76.9,141.67,110,104,73,4.55,Non-Healthy
20.64,91.29,516.4,98,106,52,2.4,Non-Healthy
24.1,91.69,134.32,109,91,68,4.95,Non-Healthy
28.34,64.39,126.94,74,78,69,6.35,Healthy
25.37,90.12,367.07,62,65,104,4.18,Non-Healthy
30.41,61.21,195.73,95,77,135,5.33,Non-Healthy
29.63,63.23,378.75,105,70,92,5.38,Non-Healthy
18.44,93.82,332.3,83,76,78,2.78,Non-Healthy
25.96,73.54,179.32,72,109,94,2.56,Non-Healthy
26.53,62.48,491.03,69,43,48,5.89,Healthy
31.46,76.47,496.84,114,65,61,3.84,Non-Healthy
18.33,61.61,493.91,91,89,136,4.44,Healthy
25.44,60.57,621.49,82,97,63,2.85,Non-Healthy
20.87,79.66,123.93,60,42,128,3.42,Healthy
18.75,67.39,136.09,93,95,46,2.03,Non-Healthy
26.22,81.77,423.44,95,105,54,6.0,Healthy
28.82,71.71,390.29,94,92,77,2.33,Healthy
28.85,64.64,694.53,95,94,119,2.27,Non-Healthy
18.42,94.45,327.37,60,70,131,6.05,Healthy
23.7,68.75,345.68,104,63,40,3.17,Healthy
18.62,62.17,604.71,89,100,109,6.03,Healthy
21.47,69.76,481.39,104,45,68,3.65,Healthy
20.7,68.81,161.22,76,81,119,2.47,Non-Healthy
21.01,70.49,153.44,62,43,77,6.23,Healthy
22.75,72.45,426.56,63,78,105,6.33,Healthy
21.88,88.18,350.13,93,109,117,5.65,Healthy
31.47,62.09,546.55,107,102,86,6.91,Healthy
22.93,72.41,484.28,81,43,121,6.35,Healthy
30.52,63.63,120.18,94,55,74,5.19,Non-Healthy
20.53,94.38,129.79,89,43,63,6.15,Healthy
28.69,65.04,607.03,119,63,99,4.46,Non-Healthy
18.86,76.77,215.46,117,79,94,2.38,Non-Healthy
24.48,76.8,450.37,109,77,92,6.02,Healthy
18.08,87.34,665.49,106,40,59,3.66,Non-Healthy
29.34,69.53,680.63,76,75,119,2.53,Non-Healthy
31.31,85.82,609.67,61,104,128,3.25,Non-Healthy
18.49,60.92,635.58,89,86,50,2.66,Non-Healthy
31.07,92.45,644.93,87,41,121,3.27,Non-Healthy
28.83,63.46,164.4,78,86,118,6.01,Healthy
23.02,76.83,617.2,99,92,55,5.89,Healthy
30.72,66.07,361.12,114,100,88,3.05,Non-Healthy
22.15,72.9,144.75,104,72,97,4.06,Non-Healthy
23.73,82.47,429.24,80,79,135,3.98,Healthy
19.35,64.99,187.69,70,41,121,2.2,Healthy
27.2,70.12,165.89,60,43,94,4.05,Healthy
18.41,83.77,391.2,118,56,108,6.06,Healthy
24.79,89.56,302.57,93,93,82,6.92,Healthy
27.56,80.75,631.16,104,86,82,2.65,Non-Healthy
29.5,78.3,303.04,73,43,55,4.48,Healthy
20.1,63.84,597.09,79,60,84,6.63,Healthy
28.56,65.13,122.84,74,70,113,3.0,Non-Healthy
28.07,93.54,670.54,106,89,75,3.93,Non-Healthy
25.83,60.09,151.51,77,59,60,4.84,Healthy
26.19,76.95,272.47,81,46,68,6.12,Healthy
19.28,86.47,134.43,73,85,45,6.28,Non-Healthy
26.41,67.35,676.43,88,106,48,3.1,Non-Healthy
23.34,76.08,149.98,74,101,48,4.86,Non-Healthy
30.15,77.26,322.42,62,73,126,5.93,Healthy
22.38,69.11,505.03,111,56,98,3.42,Healthy
26.07,90.76,306.77,107,80,127,6.2,Healthy
23.97,92.38,124.34,90,68,77,3.6,Non-Healthy
30.27,86.23,259.53,110,104,100,5.43,Non-Healthy
21.55,60.3,534.52,115,77,89,4.38,Non-Healthy
19.1,82.01,339.4,93,64,40,6.78,Healthy
28.48,68.12,595.77,70,84,129,2.14,Healthy
23.78,69.35,548.61,118,54,51,6.4,Healthy
26.25,66.43,459.87,100,69,78,6.35,Healthy
18.37,80.03,174.8,97,59,102,3.11,Healthy
31.33,75.64,689.56,85,72,108,6.48,Non-Healthy
30.29,66.77,421.99,107,109,77,3.55,Non-Healthy
26.73,92.64,270.9,104,98,59,5.18,Non-Healthy
18.24,68.37,469.24,103,98,45,2.69,Healthy
23.29,87.26,529.93,101,94,93,4.91,Non-Healthy
31.7,60.86,391.15,115,105,48,4.74,Non-Healthy
27.54,66.42,492.26,93,51,69,4.15,Healthy
20.25,88.66,182.66,60,97,98,4.89,Non-Healthy
24.45,78.77,626.96,65,47,129,3.09,Healthy
31.53,82.61,514.82,102,50,103,6.75,Healthy
25.49,75.01,568.33,103,92,72,6.39,Healthy
18.34,75.25,185.97,86,65,70,3.01,Non-Healthy
26.68,64.39,421.2,101,55,112,4.48,Healthy
21.8,65.98,521.7,87,55,40,2.75,Healthy
19.38,92.16,422.92,74,97,94,3.26,Non-Healthy
23.64,76.02,177.54,107,101,60,4.19,Non-Healthy
25.82,76.54,155.18,108,99,66,3.67,Non-Healthy
18.24,83.32,477.29,62,86,44,6.31,Healthy
25.83,60.49,582.2,79,62,112,3.77,Healthy
25.16,78.64,698.04,72,46,92,5.47,Healthy
29.11,90.99,449.57,108,67,51,2.39,Non-Healthy
23.93,74.61,253.11,91,98,134,3.7,Healthy
25.75,74.44,354.94,109,103,81,4.89,Healthy
28.39,75.87,181.85,98,79,133,5.99,Non-Healthy
30.56,89.93,360.04,90,67,130,2.05,Non-Healthy
23.32,81.35,607.3,114,89,120,2.26,Non-Healthy
26.42,86.16,346.32,103,56,60,3.48,Healthy
27.72,85.14,150.01,61,54,119,2.11,Non-Healthy
18.61,61.78,216.23,118,63,115,4.36,Non-Healthy
29.21,94.18,508.41,93,75,132,3.07,Non-Healthy
23.28,84.72,520.91,99,69,91,6.63,Healthy
27.38,80.3,234.86,109,85,115,6.42,Healthy
24.6,61.58,589.88,76,65,52,4.87,Healthy
27.83,92.13,282.9,118,89,95,3.08,Non-Healthy
28.14,76.43,442.31,104,85,102,4.09,Healthy
20.68,91.89,298.47,110,70,136,3.32,Non-Healthy
27.27,74.64,522.01,72,48,51,3.68,Healthy
29.92,80.21,337.89,87,44,106,4.32,Healthy
21.3,91.28,561.85,82,51,113,5.07,Healthy
28.61,76.13,400.39,106,86,84,4.05,Healthy
26.87,66.28,491.36,106,88,50,4.13,Healthy
31.37,74.88,657.11,72,102,125,2.16,Non-Healthy
21.64,73.36,372.5,97,78,75,4.59,Healthy
20.16,85.58,439.37,111,68,52,2.17,Non-Healthy
22.37,89.43,229.69,73,64,53,6.74,Non-Healthy
21.61,60.4,522.19,114,97,87,4.29,Healthy
28.6,77.32,243.37,67,102,81,4.28,Non-Healthy
28.26,69.35,520.18,95,41,57,3.44,Healthy
27.38,65.76,655.45,104,73,75,2.93,Non-Healthy
21.03,83.3,665.95,82,65,78,2.13,Non-Healthy
30.07,89.24,585.06,103,99,99,5.08,Non-Healthy
31.39,79.05,432.7,80,61,75,6.0,Healthy
25.44,66.78,605.59,92,51,138,3.55,Healthy
27.09,86.29,385.5,111,44,133,2.92,Healthy
25.01,78.25,338.61,110,76,79,2.05,Healthy
21.97,88.16,527.35,91,89,89,6.91,Healthy
22.01,93.77,240.25,113,46,96,3.62,Non-Healthy
22.39,74.68,163.08,78,61,133,3.05,Non-Healthy
20.67,71.17,332.3,99,60,125,3.89,Healthy
30.63,69.87,317.57,119,105,50,5.84,Healthy
30.02,84.18,189.9,111,90,115,2.64,Non-Healthy
24.46,94.02,615.65,70,71,111,5.11,Non-Healthy
23.14,70.0,507.53,70,76,61,3.23,Healthy
31.15,76.18,134.96,98,82,48,3.46,Non-Healthy
21.11,80.17,433.29,88,85,123,3.76,Healthy
25.75,93.39,209.21,118,50,54,6.92,Healthy
18.76,68.65,416.51,93,78,82,4.3,Healthy
20.68,93.66,567.33,91,89,63,6.59,Healthy
26.46,78.34,359.57,88,108,68,3.61,Healthy
27.27,85.49,466.18,76,80,66,2.59,Non-Healthy
26.13,87.35,436.93,101,87,130,4.07,Non-Healthy
30.17,65.76,455.01,109,94,115,2.3,Non-Healthy
31.91,94.12,397.31,77,90,56,4.14,Non-Healthy
28.69,94.16,216.88,76,105,99,6.99,Non-Healthy
24.51,90.32,260.14,86,88,88,3.18,Non-Healthy
29.68,89.52,638.55,73,49,86,6.58,Non-Healthy
19.69,71.42,548.16,63,87,66,5.36,Non-Healthy
27.57,89.82,690.06,66,48,40,5.84,Healthy
25.26,91.09,151.4,77,61,88,2.67,Non-Healthy
20.49,69.33,303.61,68,70,99,4.77,Healthy
31.62,65.97,676.39,88,68,84,3.8,Non-Healthy
22.74,86.49,374.84,83,77,76,6.79,Healthy
26.62,80.22,470.52,99,102,74,3.07,Healthy
30.3,63.78,450.45,86,61,70,2.12,Non-Healthy
25.09,73.98,201.6,87,108,130,2.86,Non-Healthy
19.61,71.62,544.04,94,109,78,5.21,Healthy
29.46,83.12,153.82,91,46,93,6.41,Healthy
22.94,74.71,432.02,90,52,63,4.69,Healthy
31.76,82.7,440.53,101,91,111,3.09,Non-Healthy
30.37,87.98,237.07,91,100,112,5.44,Non-Healthy
29.95,84.75,555.25,82,43,61,6.62,Healthy
22.99,81.61,639.78,71,104,93,2.42,Healthy
28.6,91.73,687.86,96,42,93,3.89,Non-Healthy
31.81,68.67,135.55,79,95,115,4.13,Non-Healthy
25.37,77.76,299.64,99,80,103,3.69,Healthy
24.59,86.46,656.4,111,47,120,4.85,Non-Healthy
18.21,67.84,149.29,90,78,134,4.37,Non-Healthy
27.8,67.41,277.77,83,65,70,3.96,Healthy
30.02,83.95,429.37,63,72,134,5.42,Non-Healthy
21.46,87.32,549.31,119,85,98,4.09,Non-Healthy
22.41,91.02,252.27,79,53,106,4.69,Healthy
25.01,75.69,294.2,113,101,48,2.02,Healthy
19.01,85.07,232.83,93,65,87,3.21,Non-Healthy
19.25,65.98,376.98,119,93,131,4.06,Healthy
23.9,71.02,412.52,65,85,69,4.68,Healthy
21.66,82.12,641.55,103,107,118,6.9,Healthy
23.68,65.18,567.04,86,85,90,3.81,Healthy
24.36,93.45,534.9,111,79,93,2.73,Non-Healthy
31.67,64.48,452.15,110,76,84,2.47,Non-Healthy
31.22,87.19,310.58,105,57,130,4.02,Non-Healthy
19.96,71.15,160.64,81,70,90,3.87,Non-Healthy
30.36,85.65,270.11,118,74,100,4.76,Non-Healthy
19.12,74.17,232.92,107,44,80,2.21,Healthy
25.11,86.17,252.18,61,95,113,6.05,Healthy
20.29,91.51,251.53,63,98,79,3.17,Non-Healthy
23.12,80.87,369.72,103,67,119,6.86,Healthy
28.41,65.74,340.81,77,67,93,3.34,Healthy
23.94,93.29,315.49,73,62,65,6.79,Healthy
29.3,78.64,631.12,108,50,94,6.11,Healthy
28.06,68.38,237.59,94,67,131,4.72,Non-Healthy
31.2,74.29,214.92,66,75,103,2.93,Non-Healthy
25.48,85.24,164.08,76,40,119,2.81,Non-Healthy
29.23,92.74,656.42,74,107,69,4.92,Non-Healthy
22.52,91.73,232.72,104,93,137,3.07,Non-Healthy
22.84,64.91,451.92,91,81,112,5.41,Healthy
23.61,90.51,336.76,97,67,131,4.41,Non-Healthy
23.75,80.66,442.07,85,87,106,5.04,Healthy
19.45,74.34,492.69,90,44,56,6.53,Healthy
25.27,76.25,607.24,93,58,45,6.32,Healthy
19.36,87.81,414.21,78,46,56,4.37,Healthy
30.46,89.57,309.8,60,83,99,4.23,Non-Healthy
18.87,83.03,225.03,103,48,117,4.63,Healthy
24.3,62.05,471.95,82,57,102,4.26,Healthy
21.99,88.3,196.56,111,91,120,2.15,Non-Healthy
20.17,60.9,616.37,99,40,103,4.03,Healthy
28.97,73.57,136.12,96,77,98,2.88,Non-Healthy
28.01,75.55,610.27,62,70,128,4.31,Non-Healthy
20.04,77.71,247.16,77,92,110,5.1,Non-Healthy
26.86,68.96,402.96,110,47,47,2.34,Healthy
29.1,74.67,543.7,71,100,84,5.98,Healthy
28.83,87.56,574.82,61,47,94,6.68,Healthy
19.29,69.49,353.03,70,46,124,6.5,Healthy
27.6,88.46,409.68,68,80,65,5.78,Healthy
28.02,60.44,137.15,107,46,102,3.14,Healthy
30.07,65.0,319.54,93,109,127,6.44,Healthy
25.11,92.39,271.72,111,46,95,4.35,Healthy
24.46,76.46,346.24,95,62,120,4.63,Healthy
31.51,61.78,294.52,93,90,66,6.76,Healthy
29.15,81.37,212.65,73,80,78,6.46,Non-Healthy
25.82,75.96,666.2,67,47,124,2.79,Healthy
22.63,63.1,368.98,110,75,97,5.62,Healthy
29.83,72.18,489.93,102,58,138,4.3,Non-Healthy
24.38,81.5,657.52,106,88,52,2.71,Non-Healthy
19.3,81.97,452.03,103,55,92,6.75,Healthy
24.37,91.04,193.66,104,51,90,2.49,Non-Healthy
30.21,77.24,577.38,91,108,71,6.64,Healthy
24.28,63.67,569.31,102,105,105,6.71,Healthy
18.2,63.97,354.67,116,59,109,4.41,Healthy
26.56,74.59,432.85,80,109,139,6.01,Healthy
31.94,66.49,366.43,85,85,85,2.33,Non-Healthy
29.44,92.23,250.06,112,79,49,5.46,Non-Healthy
26.64,67.42,562.49,92,108,90,3.45,Healthy
30.8,73.17,551.77,60,61,83,4.92,Non-Healthy
29.39,77.93,495.29,61,68,129,2.4,Non-Healthy
24.98,71.56,384.27,106,89,60,2.76,Healthy
26.28,83.26,389.59,63,64,83,3.76,Healthy
28.24,81.18,293.1,62,51,130,5.56,Healthy
29.85,92.88,274.12,71,84,97,2.66,Non-Healthy
18.81,89.12,612.4,106,54,124,3.03,Non-Healthy
28.85,81.1,618.44,116,59,139,2.95,Healthy
24.27,75.63,128.9,96,80,101,4.2,Non-Healthy
27.25,81.52,537.37,85,100,102,4.1,Healthy
28.7,81.81,311.35,84,90,92,4.97,Healthy
25.55,69.44,653.22,66,92,106,5.91,Healthy
20.22,66.23,260.43,102,96,116,2.46,Healthy
23.73,78.17,314.53,113,90,57,4.4,Non-Healthy
19.08,70.75,553.45,111,79,61,3.41,Healthy
27.65,73.48,162.98,96,79,78,2.1,Non-Healthy
31.35,60.06,530.66,116,99,139,3.51,Non-Healthy
29.13,83.86,511.31,89,83,40,5.46,Non-Healthy
23.46,62.03,296.33,82,77,115,2.05,Healthy
26.18,85.74,533.41,106,47,119,6.33,Healthy
22.26,67.28,643.7,98,96,90,3.49,Non-Healthy
25.57,65.77,586.29,96,82,69,6.56,Healthy
22.21,81.02,420.35,73,58,131,5.63,Healthy
28.34,94.42,196.82,100,89,89,3.13,Non-Healthy
21.63,74.77,637.56,87,97,44,2.52,Non-Healthy
31.5,90.43,404.04,105,67,98,3.48,Non-Healthy
27.27,62.16,356.57,103,107,41,6.37,Healthy
18.96,77.8,437.7,77,40,122,4.15,Healthy
18.15,83.86,243.86,114,51,54,4.62,Healthy
31.96,73.14,314.99,105,108,110,5.13,Non-Healthy
21.09,64.53,546.59,68,103,74,4.72,Healthy
22.38,60.54,446.82,75,66,106,2.18,Healthy
20.92,73.54,562.12,68,106,71,2.55,Healthy
30.99,86.0,561.94,62,94,41,6.65,Non-Healthy
27.13,94.67,557.08,84,86,97,2.54,Non-Healthy
25.06,76.21,203.63,74,95,96,6.48,Healthy
25.81,70.32,497.12,75,95,52,3.16,Healthy
22.45,72.13,398.5,102,94,84,5.69,Healthy
26.6,63.22,156.01,111,54,138,6.34,Healthy
23.87,75.75,604.33,74,70,67,3.31,Non-Healthy
20.79,81.95,247.43,71,46,121,5.23,Healthy
27.19,81.83,127.51,108,53,139,5.65,Healthy
23.23,60.45,493.19,116,59,119,2.97,Healthy
28.99,82.18,219.82,106,81,131,3.53,Non-Healthy
23.82,83.3,155.79,102,103,76,4.31,Non-Healthy
25.12,77.57,661.59,89,61,53,2.06,Non-Healthy
29.02,93.07,206.12,87,109,53,6.34,Non-Healthy
24.27,69.03,421.63,88,75,80,4.2,Healthy
31.53,89.82,333.03,85,55,128,4.75,Non-Healthy
29.1,66.1,145.95,105,78,115,5.08,Non-Healthy
29.57,69.17,302.33,64,75,71,4.17,Non-Healthy
31.35,67.17,323.27,101,46,64,5.72,Healthy
23.44,90.99,406.19,76,100,62,6.54,Healthy
26.12,87.77,529.91,108,61,92,5.12,Non-Healthy
27.71,75.77,699.99,113,85,93,2.71,Non-Healthy
27.43,73.23,420.77,70,89,74,6.94,Healthy
31.34,60.45,666.8,72,69,69,2.31,Non-Healthy
22.04,84.57,425.92,98,101,122,3.87,Healthy
22.08,93.77,464.34,111,71,119,6.07,Healthy
30.85,87.25,200.66,72,73,114,3.08,Non-Healthy
29.19,68.16,451.08,116,56,78,5.79,Healthy
20.85,69.26,271.13,68,48,114,3.27,Healthy
25.98,74.8,278.95,84,79,118,5.49,Healthy
28.44,74.27,371.65,115,90,128,2.06,Healthy
22.94,68.13,499.17,118,52,106,3.2,Healthy
24.08,87.71,478.05,89,67,118,5.52,Healthy
26.06,87.51,297.64,103,82,135,5.28,Non-Healthy
24.54,84.73,136.68,102,108,130,4.52,Non-Healthy
28.54,60.17,261.55,104,84,68,6.61,Healthy
18.08,92.11,382.64,112,108,70,5.83,Healthy
24.08,71.81,647.52,98,103,61,4.57,Non-Healthy
22.73,61.01,474.01,110,82,135,2.96,Healthy
26.53,82.31,628.95,82,62,121,3.4,Healthy
28.86,85.82,464.54,88,96,62,2.44,Non-Healthy
19.07,83.48,377.04,87,58,45,5.1,Healthy
20.21,73.68,310.58,111,50,68,5.59,Healthy
27.31,90.14,682.65,76,71,53,2.41,Non-Healthy
28.34,72.48,397.38,61,100,123,3.35,Healthy
26.23,78.84,328.36,84,47,90,5.6,Healthy
31.76,92.26,646.48,113,78,105,4.48,Non-Healthy
24.99,85.48,590.88,97,105,40,2.18,Non-Healthy
19.91,63.31,461.47,84,49,63,6.45,Healthy
27.61,87.2,448.32,63,82,117,6.58,Healthy
26.43,91.56,408.46,115,107,73,2.73,Non-Healthy
26.27,88.89,175.86,98,47,115,5.55,Healthy
25.64,76.69,518.75,103,43,115,5.67,Healthy
31.15,88.88,337.81,91,57,97,2.44,Non-Healthy
19.81,62.65,129.87,91,57,53,4.88,Non-Healthy
19.02,68.9,541.11,98,44,107,4.37,Healthy
20.16,90.34,195.0,78,51,46,2.25,Non-Healthy
21.43,61.45,582.79,73,48,102,4.5,Healthy
26.3,73.93,270.55,90,105,64,3.19,Healthy
26.57,90.12,460.12,64,75,131,2.17,Non-Healthy
21.26,75.6,450.46,69,108,93,3.07,Healthy
24.85,62.96,222.58,89,90,133,2.07,Non-Healthy
24.75,76.07,374.64,86,62,121,6.98,Healthy
24.34,85.63,595.04,110,62,54,5.31,Non-Healthy
29.25,71.07,683.75,95,54,133,4.89,Non-Healthy
24.6,91.73,130.54,95,75,72,5.76,Non-Healthy
28.62,92.93,205.06,91,109,93,4.27,Non-Healthy
20.33,65.87,478.11,72,53,45,4.71,Healthy
25.45,63.27,121.46,77,43,52,3.44,Healthy
29.54,70.48,559.63,68,81,117,5.81,Healthy
20.49,76.42,458.15,88,90,55,4.07,Healthy
24.51,65.5,510.26,75,98,74,6.27,Healthy
26.53,68.45,482.06,88,82,115,6.87,Healthy
20.59,92.67,467.43,100,49,88,2.67,Healthy
28.59,85.02,179.4,112,90,83,2.32,Non-Healthy
19.11,80.93,256.43,94,72,40,6.64,Healthy
31.25,84.78,389.07,80,80,106,2.28,Non-Healthy
24.56,60.1,313.95,78,105,121,6.96,Healthy
22.71,65.09,574.18,107,109,58,3.29,Healthy
19.64,84.21,511.66,60,95,131,6.45,Healthy
24.06,85.02,300.65,107,85,69,6.1,Healthy
27.24,89.85,671.63,79,75,44,2.12,Non-Healthy
19.32,80.49,493.66,72,61,131,5.22,Healthy
22.29,79.5,611.04,81,92,121,3.58,Non-Healthy
